{
  "type": "FeatureCollection",
  "crs": {
    "type": "name",
    "properties": { "name": "urn:ogc:def:crs:OGC:1.3:CRS84" }
  },
  "features": [
    {
      "type": "Feature",
      "properties": {},
      "geometry": {
        "type": "Polygon",
        "coordinates": [
          [
            [-180, -90],
            [-180, 90],
            [180, 90],
            [180, -90],
            [-180, -90]
          ],
          [
            [9.12593, 47.66864],
            [9.12566, 47.66915],
            [9.12544, 47.66949],
            [9.12514, 47.66989],
            [9.12451, 47.67057],
            [9.12425, 47.67107],
            [9.12395, 47.67173],
            [9.12373, 47.67228],
            [9.12362, 47.67281],
            [9.12352, 47.67343],
            [9.12334, 47.67394],
            [9.12312, 47.67423],
            [9.12099, 47.67575],
            [9.12083, 47.67475],
            [9.12053, 47.67424],
            [9.12032, 47.67387],
            [9.12073, 47.67351],
            [9.12095, 47.67317],
            [9.12079, 47.67271],
            [9.12068, 47.67231],
            [9.1209, 47.67203],
            [9.12129, 47.67144],
            [9.12181, 47.67093],
            [9.12233, 47.67048],
            [9.12298, 47.67],
            [9.12358, 47.66952],
            [9.12402, 47.66919],
            [9.12445, 47.66885],
            [9.12461, 47.66876],
            [9.12492, 47.6686],
            [9.1253, 47.66843],
            [9.12577, 47.66841],
            [9.12593, 47.66864]
          ],
          [
            [9.20115, 47.70586],
            [9.20058, 47.70594],
            [9.20029, 47.70614],
            [9.19985, 47.70645],
            [9.19943, 47.70678],
            [9.19908, 47.70698],
            [9.19878, 47.70731],
            [9.19834, 47.70762],
            [9.19787, 47.70784],
            [9.19732, 47.70804],
            [9.19681, 47.70814],
            [9.19613, 47.70825],
            [9.19534, 47.70828],
            [9.19307, 47.70796],
            [9.19194, 47.70771],
            [9.19129, 47.70754],
            [9.19103, 47.70738],
            [9.19093, 47.70708],
            [9.19078, 47.70663],
            [9.19028, 47.70622],
            [9.19014, 47.70611],
            [9.18975, 47.70586],
            [9.18931, 47.70574],
            [9.18878, 47.70584],
            [9.18828, 47.70593],
            [9.18796, 47.70585],
            [9.18783, 47.70576],
            [9.18781, 47.70558],
            [9.18793, 47.70514],
            [9.18812, 47.70443],
            [9.18832, 47.70396],
            [9.18903, 47.70364],
            [9.19004, 47.70371],
            [9.19263, 47.70369],
            [9.19317, 47.70362],
            [9.19369, 47.7034],
            [9.19395, 47.70319],
            [9.19425, 47.70287],
            [9.19457, 47.70279],
            [9.19589, 47.70279],
            [9.1986, 47.70243],
            [9.20034, 47.70254],
            [9.20084, 47.70275],
            [9.20122, 47.70304],
            [9.20155, 47.70329],
            [9.20183, 47.70358],
            [9.20182, 47.70381],
            [9.2017, 47.7041],
            [9.20134, 47.70452],
            [9.20108, 47.70489],
            [9.20107, 47.70523],
            [9.20115, 47.70554],
            [9.20115, 47.70586]
          ],
          [
            [8.70128, 47.71522],
            [8.68636, 47.70858],
            [8.66463, 47.71343],
            [8.67649, 47.69794],
            [8.65853, 47.69065],
            [8.66905, 47.6849],
            [8.69023, 47.69538],
            [8.71772, 47.69074],
            [8.70128, 47.71522]
          ],
          [
            [6.20511, 50.52197],
            [6.19529, 50.53098],
            [6.18726, 50.52709],
            [6.20511, 50.52197]
          ],
          [
            [6.23767, 50.5765],
            [6.23955, 50.58745],
            [6.22518, 50.59046],
            [6.2031, 50.56929],
            [6.17441, 50.55751],
            [6.17803, 50.54161],
            [6.19665, 50.53617],
            [6.20962, 50.55509],
            [6.2247, 50.55667],
            [6.23767, 50.5765]
          ],
          [
            [6.2455, 50.63977],
            [6.23152, 50.64804],
            [6.21465, 50.63921],
            [6.16659, 50.64369],
            [6.18329, 50.63229],
            [6.17556, 50.62727],
            [6.18184, 50.62376],
            [6.19432, 50.63391],
            [6.26747, 50.62653],
            [6.26398, 50.641],
            [6.2455, 50.63977]
          ],
          [
            [6.18697, 50.6518],
            [6.19183, 50.66296],
            [6.16698, 50.66102],
            [6.18697, 50.6518]
          ],
          [
            [6.86501, 53.5911],
            [6.86527, 53.59172],
            [6.86591, 53.59214],
            [6.86572, 53.59254],
            [6.86518, 53.5928],
            [6.86371, 53.59245],
            [6.86301, 53.59218],
            [6.86254, 53.59167],
            [6.86224, 53.59087],
            [6.86238, 53.58983],
            [6.86294, 53.58935],
            [6.86357, 53.58886],
            [6.86434, 53.58877],
            [6.86509, 53.58884],
            [6.86559, 53.58907],
            [6.86548, 53.58944],
            [6.86568, 53.58993],
            [6.86601, 53.59024],
            [6.86686, 53.59057],
            [6.86771, 53.591],
            [6.86846, 53.5913],
            [6.86892, 53.59189],
            [6.86799, 53.59193],
            [6.8669, 53.59137],
            [6.8662, 53.59108],
            [6.86554, 53.59093],
            [6.86501, 53.5911]
          ],
          [
            [6.79942, 53.60825],
            [6.75454, 53.61743],
            [6.65376, 53.60745],
            [6.63926, 53.59337],
            [6.65397, 53.59848],
            [6.66462, 53.57793],
            [6.71783, 53.5571],
            [6.72483, 53.55607],
            [6.72112, 53.56773],
            [6.73313, 53.56957],
            [6.74739, 53.5574],
            [6.75729, 53.56797],
            [6.71811, 53.58404],
            [6.76092, 53.59762],
            [6.80798, 53.60062],
            [6.81338, 53.60402],
            [6.79942, 53.60825]
          ],
          [
            [6.90697, 53.64181],
            [6.89849, 53.65386],
            [6.86496, 53.64313],
            [6.87547, 53.62951],
            [6.89016, 53.62563],
            [6.90697, 53.64181]
          ],
          [
            [7.07724, 53.68679],
            [6.97764, 53.6814],
            [6.85359, 53.66332],
            [7.09562, 53.67697],
            [7.0987, 53.68387],
            [7.07724, 53.68679]
          ],
          [
            [7.3474, 53.72318],
            [7.19042, 53.72306],
            [7.1373, 53.70698],
            [7.15276, 53.69688],
            [7.16461, 53.69755],
            [7.17036, 53.70785],
            [7.19378, 53.6991],
            [7.20877, 53.7066],
            [7.27024, 53.70369],
            [7.34722, 53.71666],
            [7.3474, 53.72318]
          ],
          [
            [7.43016, 53.72312],
            [7.43394, 53.73136],
            [7.39386, 53.73614],
            [7.35947, 53.72691],
            [7.36428, 53.72032],
            [7.43016, 53.72312]
          ],
          [
            [7.57425, 53.75922],
            [7.4798, 53.75436],
            [7.46055, 53.7248],
            [7.50541, 53.72368],
            [7.50201, 53.73446],
            [7.51163, 53.74326],
            [7.63057, 53.74809],
            [7.63901, 53.75598],
            [7.57425, 53.75922]
          ],
          [
            [7.72848, 53.78169],
            [7.67611, 53.77215],
            [7.66543, 53.76003],
            [7.682, 53.75086],
            [7.69372, 53.76312],
            [7.7674, 53.76379],
            [7.8154, 53.77805],
            [7.72848, 53.78169]
          ],
          [
            [7.88538, 53.79455],
            [7.84642, 53.78798],
            [7.86477, 53.77307],
            [7.87556, 53.78858],
            [7.97799, 53.77742],
            [7.95479, 53.78697],
            [7.88538, 53.79455]
          ],
          [
            [8.50264, 53.9281],
            [8.49113, 53.92867],
            [8.48698, 53.91391],
            [8.51466, 53.91765],
            [8.5169, 53.92281],
            [8.50264, 53.9281]
          ],
          [
            [11.42784, 53.94223],
            [11.42801, 53.94264],
            [11.42843, 53.94288],
            [11.42884, 53.94295],
            [11.42876, 53.94329],
            [11.4284, 53.94339],
            [11.42749, 53.94329],
            [11.42715, 53.94301],
            [11.42661, 53.9426],
            [11.4259, 53.9422],
            [11.42549, 53.94205],
            [11.42487, 53.94206],
            [11.42432, 53.94242],
            [11.42363, 53.94265],
            [11.42329, 53.94251],
            [11.42321, 53.94219],
            [11.42373, 53.94174],
            [11.42441, 53.94143],
            [11.42464, 53.94104],
            [11.42484, 53.94046],
            [11.42516, 53.93992],
            [11.42592, 53.93919],
            [11.42636, 53.93853],
            [11.42652, 53.93818],
            [11.4268, 53.93797],
            [11.42717, 53.93796],
            [11.42763, 53.93811],
            [11.42759, 53.9384],
            [11.42739, 53.93872],
            [11.42727, 53.93898],
            [11.42753, 53.93937],
            [11.42787, 53.93971],
            [11.42837, 53.94009],
            [11.42832, 53.94072],
            [11.42821, 53.94112],
            [11.42787, 53.94177],
            [11.42784, 53.94223]
          ],
          [
            [13.95892, 53.94111],
            [13.95922, 53.94127],
            [13.95958, 53.94132],
            [13.95994, 53.94139],
            [13.96053, 53.94156],
            [13.96071, 53.94174],
            [13.96077, 53.94204],
            [13.96073, 53.94235],
            [13.96055, 53.94258],
            [13.96024, 53.94269],
            [13.96002, 53.94277],
            [13.95974, 53.94295],
            [13.95968, 53.94316],
            [13.95947, 53.94358],
            [13.95903, 53.94367],
            [13.9586, 53.94363],
            [13.95826, 53.94341],
            [13.95791, 53.94306],
            [13.95775, 53.9427],
            [13.95794, 53.94234],
            [13.95788, 53.942],
            [13.95773, 53.94162],
            [13.95774, 53.94149],
            [13.95777, 53.94135],
            [13.95795, 53.94111],
            [13.95826, 53.94099],
            [13.95865, 53.94098],
            [13.95892, 53.94111]
          ],
          [
            [14.03278, 53.94414],
            [14.03316, 53.94437],
            [14.03351, 53.94468],
            [14.03396, 53.94517],
            [14.03416, 53.94556],
            [14.03412, 53.94599],
            [14.03395, 53.94634],
            [14.0334, 53.94652],
            [14.03288, 53.94651],
            [14.0324, 53.94641],
            [14.03183, 53.94614],
            [14.03157, 53.94566],
            [14.03142, 53.94524],
            [14.03112, 53.94483],
            [14.03108, 53.94446],
            [14.03132, 53.94428],
            [14.03184, 53.94408],
            [14.03226, 53.94402],
            [14.03278, 53.94414]
          ],
          [
            [14.02882, 53.94738],
            [14.02885, 53.94772],
            [14.02877, 53.94801],
            [14.02834, 53.94865],
            [14.02819, 53.94917],
            [14.02834, 53.94943],
            [14.02819, 53.94985],
            [14.02785, 53.95033],
            [14.02733, 53.95108],
            [14.02664, 53.9515],
            [14.02587, 53.95163],
            [14.02491, 53.95175],
            [14.02422, 53.95151],
            [14.024, 53.95123],
            [14.02422, 53.9504],
            [14.02438, 53.94996],
            [14.02469, 53.94964],
            [14.02511, 53.9494],
            [14.02546, 53.94899],
            [14.02588, 53.94878],
            [14.02655, 53.94862],
            [14.02725, 53.9484],
            [14.02769, 53.94779],
            [14.02842, 53.94725],
            [14.02882, 53.94738]
          ],
          [
            [11.4755, 53.96401],
            [11.4751, 53.96406],
            [11.4748, 53.9639],
            [11.47502, 53.96357],
            [11.47543, 53.96327],
            [11.47644, 53.96227],
            [11.47688, 53.96191],
            [11.47715, 53.96163],
            [11.47754, 53.96167],
            [11.4776, 53.96201],
            [11.47732, 53.96263],
            [11.47723, 53.96301],
            [11.4775, 53.96338],
            [11.47744, 53.96369],
            [11.47696, 53.96398],
            [11.47661, 53.96405],
            [11.47632, 53.96398],
            [11.47587, 53.96394],
            [11.4755, 53.96401]
          ],
          [
            [8.45823, 53.95707],
            [8.43799, 53.96396],
            [8.43783, 53.95357],
            [8.41995, 53.9478],
            [8.43129, 53.94453],
            [8.45823, 53.95707]
          ],
          [
            [11.46725, 53.96379],
            [11.46765, 53.96395],
            [11.46796, 53.96416],
            [11.46823, 53.96451],
            [11.4684, 53.96474],
            [11.4686, 53.9651],
            [11.46874, 53.96557],
            [11.46901, 53.9661],
            [11.46934, 53.96629],
            [11.46973, 53.96646],
            [11.47032, 53.96666],
            [11.47038, 53.96689],
            [11.47001, 53.96724],
            [11.46996, 53.96748],
            [11.47041, 53.96782],
            [11.47064, 53.96818],
            [11.47065, 53.96847],
            [11.47026, 53.96853],
            [11.46945, 53.96843],
            [11.46929, 53.96835],
            [11.46893, 53.96818],
            [11.46828, 53.96793],
            [11.46794, 53.96781],
            [11.46727, 53.96756],
            [11.46691, 53.96705],
            [11.46664, 53.96654],
            [11.46662, 53.96599],
            [11.46642, 53.96548],
            [11.46625, 53.96515],
            [11.46582, 53.96477],
            [11.46572, 53.96451],
            [11.46588, 53.96423],
            [11.46606, 53.96398],
            [11.46642, 53.96378],
            [11.46682, 53.96371],
            [11.46725, 53.96379]
          ],
          [
            [11.47301, 54.02445],
            [11.38191, 53.9993],
            [11.37418, 53.99235],
            [11.37794, 53.97543],
            [11.39153, 53.96489],
            [11.41124, 53.9668],
            [11.38701, 53.96782],
            [11.39364, 53.97465],
            [11.43177, 53.96163],
            [11.42787, 53.98581],
            [11.44615, 53.99733],
            [11.44147, 53.96462],
            [11.45596, 53.95753],
            [11.48036, 53.98183],
            [11.48355, 54.00866],
            [11.48895, 53.99901],
            [11.49533, 54.01111],
            [11.49415, 54.02171],
            [11.47301, 54.02445]
          ],
          [
            [13.93196, 54.02469],
            [13.92927, 54.031],
            [13.91645, 54.02186],
            [13.92596, 54.01604],
            [13.92439, 54.02325],
            [13.93196, 54.02469]
          ],
          [
            [11.49511, 54.02581],
            [11.49599, 54.03149],
            [11.48632, 54.02521],
            [11.49511, 54.02581]
          ],
          [
            [13.78524, 54.05295],
            [13.78533, 54.05324],
            [13.78539, 54.05367],
            [13.78529, 54.05415],
            [13.78519, 54.05436],
            [13.78504, 54.05471],
            [13.78493, 54.05487],
            [13.78483, 54.05501],
            [13.78436, 54.05548],
            [13.78309, 54.05657],
            [13.78283, 54.0568],
            [13.78274, 54.05693],
            [13.7827, 54.05707],
            [13.78258, 54.05807],
            [13.78257, 54.05837],
            [13.78259, 54.05876],
            [13.78255, 54.0589],
            [13.78266, 54.05921],
            [13.78256, 54.05939],
            [13.78232, 54.05941],
            [13.78199, 54.05927],
            [13.78173, 54.05892],
            [13.78136, 54.05827],
            [13.78144, 54.05774],
            [13.78153, 54.05742],
            [13.781, 54.05711],
            [13.78061, 54.0568],
            [13.78047, 54.05637],
            [13.78049, 54.05605],
            [13.78029, 54.05579],
            [13.78057, 54.0553],
            [13.78107, 54.05477],
            [13.78156, 54.05437],
            [13.78165, 54.05429],
            [13.78183, 54.05418],
            [13.78244, 54.05381],
            [13.78291, 54.05346],
            [13.78314, 54.0534],
            [13.78354, 54.05328],
            [13.78391, 54.05309],
            [13.7844, 54.0529],
            [13.78496, 54.05282],
            [13.78524, 54.05295]
          ],
          [
            [11.51491, 54.03833],
            [11.523, 54.06849],
            [11.51242, 54.05593],
            [11.51491, 54.03833]
          ],
          [
            [8.69258, 54.06045],
            [8.70002, 54.06832],
            [8.68581, 54.06592],
            [8.68058, 54.05058],
            [8.70212, 54.04783],
            [8.68425, 54.05223],
            [8.70015, 54.05769],
            [8.69258, 54.06045]
          ],
          [
            [13.8044, 54.08441],
            [13.80406, 54.08472],
            [13.80362, 54.08478],
            [13.80312, 54.08449],
            [13.80279, 54.084],
            [13.80257, 54.08311],
            [13.80208, 54.08227],
            [13.80179, 54.0816],
            [13.80186, 54.08129],
            [13.80248, 54.08117],
            [13.80272, 54.08076],
            [13.80299, 54.08025],
            [13.80326, 54.07982],
            [13.80367, 54.07931],
            [13.80389, 54.07907],
            [13.80438, 54.07911],
            [13.80469, 54.07919],
            [13.80489, 54.07947],
            [13.80474, 54.07987],
            [13.80488, 54.08013],
            [13.80469, 54.08066],
            [13.8047, 54.08097],
            [13.80424, 54.08128],
            [13.80376, 54.08189],
            [13.8037, 54.08283],
            [13.80382, 54.0833],
            [13.80419, 54.08369],
            [13.80477, 54.08378],
            [13.80578, 54.08374],
            [13.8063, 54.08386],
            [13.80641, 54.08421],
            [13.80619, 54.08443],
            [13.80546, 54.0844],
            [13.80492, 54.08425],
            [13.8044, 54.08441]
          ],
          [
            [13.33422, 54.16984],
            [13.33439, 54.17001],
            [13.33457, 54.1702],
            [13.33435, 54.17033],
            [13.33393, 54.17028],
            [13.33346, 54.17017],
            [13.33311, 54.17004],
            [13.33302, 54.16985],
            [13.33277, 54.16981],
            [13.33234, 54.16989],
            [13.33204, 54.16982],
            [13.33203, 54.16959],
            [13.33223, 54.16919],
            [13.33223, 54.16899],
            [13.3323, 54.1688],
            [13.33269, 54.16875],
            [13.333, 54.16886],
            [13.3333, 54.16886],
            [13.33367, 54.16881],
            [13.3339, 54.16892],
            [13.33408, 54.16902],
            [13.33431, 54.1691],
            [13.33437, 54.16931],
            [13.33429, 54.16952],
            [13.33422, 54.16984]
          ],
          [
            [13.81291, 54.17026],
            [13.81312, 54.1704],
            [13.8132, 54.17064],
            [13.81315, 54.17087],
            [13.81293, 54.17107],
            [13.81273, 54.1712],
            [13.81238, 54.17128],
            [13.8122, 54.17147],
            [13.81242, 54.17158],
            [13.81277, 54.17182],
            [13.81299, 54.17203],
            [13.81285, 54.17219],
            [13.81258, 54.17237],
            [13.81245, 54.17279],
            [13.81237, 54.17305],
            [13.81227, 54.17337],
            [13.81192, 54.17355],
            [13.81149, 54.1737],
            [13.81094, 54.17386],
            [13.8106, 54.17403],
            [13.81037, 54.17418],
            [13.80966, 54.17428],
            [13.80901, 54.17435],
            [13.80835, 54.17435],
            [13.80765, 54.17431],
            [13.80713, 54.17422],
            [13.80658, 54.17403],
            [13.80624, 54.17381],
            [13.80613, 54.17347],
            [13.8062, 54.17311],
            [13.80636, 54.17272],
            [13.80665, 54.17245],
            [13.80699, 54.17221],
            [13.80765, 54.17175],
            [13.80815, 54.17129],
            [13.80854, 54.17088],
            [13.80888, 54.1705],
            [13.80908, 54.17019],
            [13.80929, 54.16995],
            [13.80962, 54.16985],
            [13.81012, 54.16989],
            [13.81102, 54.17003],
            [13.81186, 54.17013],
            [13.8122, 54.17024],
            [13.81247, 54.17018],
            [13.81291, 54.17026]
          ],
          [
            [13.79685, 54.17414],
            [13.75887, 54.1684],
            [13.7493, 54.15847],
            [13.75101, 54.14983],
            [13.75799, 54.15054],
            [13.7515, 54.14908],
            [13.75546, 54.13768],
            [13.77233, 54.13384],
            [13.77483, 54.12011],
            [13.81384, 54.10782],
            [13.79057, 54.04868],
            [13.7643, 54.02998],
            [13.76992, 54.01918],
            [13.80129, 54.01874],
            [13.82086, 54.03752],
            [13.85894, 54.04811],
            [13.87968, 54.04026],
            [13.85324, 54.01368],
            [13.86159, 53.99975],
            [13.86697, 54.00747],
            [13.89868, 54.01207],
            [13.92407, 54.0358],
            [13.91551, 54.04679],
            [13.90735, 54.04311],
            [13.91722, 54.06052],
            [13.91119, 54.06399],
            [13.95136, 54.05898],
            [13.97326, 54.064],
            [13.96887, 54.05944],
            [13.99769, 54.0415],
            [14.00436, 54.01066],
            [14.01761, 54.01502],
            [14.01644, 54.02148],
            [14.03271, 54.01711],
            [14.0433, 54.00183],
            [14.03738, 53.99858],
            [14.04758, 53.99744],
            [14.04887, 53.98065],
            [14.03503, 53.95],
            [14.04353, 53.94619],
            [14.04018, 53.94072],
            [14.01179, 53.94932],
            [14.0233, 53.96221],
            [13.98368, 53.9621],
            [13.96352, 53.95704],
            [13.9713, 53.9508],
            [13.9596, 53.93399],
            [13.95271, 53.93493],
            [13.95822, 53.95302],
            [13.94997, 53.95887],
            [13.97223, 53.96961],
            [13.96309, 53.97344],
            [13.96503, 53.9898],
            [13.90595, 53.98954],
            [13.89514, 53.96649],
            [13.92269, 53.95063],
            [13.93797, 53.90895],
            [13.92147, 53.88797],
            [13.89342, 53.87717],
            [13.83414, 53.87101],
            [13.82972, 53.85764],
            [13.82179, 53.85703],
            [13.82615, 53.84969],
            [13.89824, 53.83991],
            [13.91784, 53.84522],
            [13.93151, 53.87037],
            [13.95506, 53.86032],
            [13.94991, 53.84996],
            [13.92331, 53.85209],
            [13.92175, 53.84702],
            [13.93901, 53.84344],
            [13.99099, 53.84845],
            [14.01971, 53.8693],
            [14.04092, 53.87451],
            [14.21308, 53.86648],
            [14.2123, 53.90029],
            [14.20587, 53.91057],
            [14.18531, 53.9141],
            [14.20765, 53.91587],
            [14.22632, 53.92864],
            [14.18179, 53.94842],
            [14.01622, 54.05389],
            [13.87471, 54.10029],
            [13.83325, 54.13194],
            [13.81245, 54.16943],
            [13.79685, 54.17414]
          ],
          [
            [13.81253, 54.1742],
            [13.81259, 54.17435],
            [13.81254, 54.17452],
            [13.81254, 54.17475],
            [13.81258, 54.175],
            [13.81257, 54.17526],
            [13.81234, 54.17545],
            [13.81195, 54.1755],
            [13.81148, 54.17546],
            [13.81112, 54.17539],
            [13.81079, 54.17525],
            [13.81048, 54.17502],
            [13.81042, 54.17481],
            [13.81058, 54.17461],
            [13.81109, 54.17443],
            [13.81153, 54.17423],
            [13.81187, 54.17411],
            [13.81225, 54.17411],
            [13.81253, 54.1742]
          ],
          [
            [13.35156, 54.1758],
            [13.35186, 54.17615],
            [13.35125, 54.17641],
            [13.35091, 54.17661],
            [13.35083, 54.17697],
            [13.35047, 54.17743],
            [13.34993, 54.17764],
            [13.34944, 54.17755],
            [13.34894, 54.17733],
            [13.3488, 54.17698],
            [13.34899, 54.17643],
            [13.34968, 54.1761],
            [13.35054, 54.17578],
            [13.35156, 54.1758]
          ],
          [
            [13.80609, 54.17832],
            [13.80569, 54.17823],
            [13.80526, 54.17809],
            [13.80477, 54.17809],
            [13.80409, 54.17819],
            [13.8034, 54.17803],
            [13.80324, 54.17773],
            [13.80327, 54.1774],
            [13.80337, 54.17709],
            [13.80333, 54.17688],
            [13.80349, 54.17671],
            [13.80386, 54.17662],
            [13.80429, 54.17644],
            [13.80436, 54.17633],
            [13.80468, 54.17621],
            [13.80507, 54.17617],
            [13.80533, 54.17622],
            [13.8054, 54.17634],
            [13.80546, 54.17645],
            [13.80584, 54.17648],
            [13.80635, 54.1764],
            [13.80677, 54.1763],
            [13.80774, 54.17615],
            [13.80824, 54.17613],
            [13.80862, 54.17604],
            [13.80885, 54.17588],
            [13.809, 54.1757],
            [13.80968, 54.17561],
            [13.81041, 54.17567],
            [13.81114, 54.17585],
            [13.81152, 54.17588],
            [13.81181, 54.17597],
            [13.81206, 54.17614],
            [13.8122, 54.17631],
            [13.81227, 54.17659],
            [13.81216, 54.17693],
            [13.81207, 54.17713],
            [13.8118, 54.17749],
            [13.81145, 54.17763],
            [13.81125, 54.17781],
            [13.81123, 54.17796],
            [13.81102, 54.17811],
            [13.81071, 54.17819],
            [13.81042, 54.17818],
            [13.81014, 54.17811],
            [13.80996, 54.17795],
            [13.80966, 54.17791],
            [13.80911, 54.17798],
            [13.80849, 54.17812],
            [13.80811, 54.17825],
            [13.80757, 54.17831],
            [13.80685, 54.17831],
            [13.80609, 54.17832]
          ],
          [
            [13.35468, 54.17912],
            [13.35491, 54.17924],
            [13.35502, 54.17945],
            [13.35505, 54.17969],
            [13.35502, 54.17989],
            [13.35511, 54.18006],
            [13.35531, 54.18023],
            [13.35545, 54.18046],
            [13.3555, 54.1807],
            [13.35552, 54.18093],
            [13.35538, 54.18113],
            [13.35502, 54.18113],
            [13.35475, 54.18109],
            [13.35462, 54.18094],
            [13.35461, 54.18071],
            [13.35458, 54.18053],
            [13.35444, 54.18039],
            [13.35429, 54.18022],
            [13.35423, 54.18003],
            [13.35423, 54.17981],
            [13.35423, 54.17958],
            [13.3542, 54.17936],
            [13.35418, 54.17921],
            [13.35437, 54.17911],
            [13.35468, 54.17912]
          ],
          [
            [7.89949, 54.1892],
            [7.8691, 54.18783],
            [7.89084, 54.16983],
            [7.90768, 54.16888],
            [7.90663, 54.18227],
            [7.91817, 54.18131],
            [7.91979, 54.18872],
            [7.89949, 54.1892]
          ],
          [
            [13.77386, 54.20525],
            [13.76888, 54.20892],
            [13.76895, 54.20082],
            [13.77386, 54.20525]
          ],
          [
            [13.92225, 54.25108],
            [13.92041, 54.25146],
            [13.91928, 54.25163],
            [13.91878, 54.25158],
            [13.91815, 54.25146],
            [13.91756, 54.2512],
            [13.917, 54.25078],
            [13.9167, 54.25048],
            [13.91662, 54.25018],
            [13.91662, 54.24948],
            [13.91661, 54.24911],
            [13.91651, 54.24877],
            [13.91625, 54.24847],
            [13.91601, 54.24813],
            [13.91538, 54.24772],
            [13.91399, 54.2469],
            [13.91101, 54.24533],
            [13.91121, 54.24517],
            [13.91119, 54.24494],
            [13.91104, 54.24473],
            [13.90862, 54.24414],
            [13.90947, 54.24394],
            [13.91002, 54.24265],
            [13.90956, 54.24216],
            [13.90902, 54.24187],
            [13.90849, 54.24168],
            [13.9081, 54.24169],
            [13.90791, 54.24127],
            [13.90729, 54.24135],
            [13.90723, 54.24085],
            [13.90696, 54.24064],
            [13.90668, 54.24044],
            [13.90699, 54.24022],
            [13.90752, 54.2403],
            [13.90796, 54.24058],
            [13.90821, 54.24086],
            [13.90865, 54.24105],
            [13.90918, 54.24121],
            [13.90997, 54.24134],
            [13.91088, 54.24137],
            [13.9116, 54.24147],
            [13.91234, 54.2417],
            [13.91283, 54.24174],
            [13.91375, 54.2419],
            [13.91449, 54.24223],
            [13.91511, 54.24263],
            [13.91553, 54.243],
            [13.91573, 54.24354],
            [13.91579, 54.24385],
            [13.91618, 54.24429],
            [13.91737, 54.24523],
            [13.91925, 54.24597],
            [13.91964, 54.24599],
            [13.92005, 54.24595],
            [13.9205, 54.24601],
            [13.92098, 54.24617],
            [13.92143, 54.24635],
            [13.92186, 54.24651],
            [13.92232, 54.24678],
            [13.9238, 54.24732],
            [13.92448, 54.24744],
            [13.9248, 54.24749],
            [13.92507, 54.24771],
            [13.92532, 54.24787],
            [13.92572, 54.24801],
            [13.92636, 54.2485],
            [13.92676, 54.24867],
            [13.92693, 54.24882],
            [13.92664, 54.24915],
            [13.92573, 54.24973],
            [13.92331, 54.25099],
            [13.92308, 54.25107],
            [13.92267, 54.25106],
            [13.92225, 54.25108]
          ],
          [
            [13.3643, 54.25121],
            [13.36407, 54.25142],
            [13.36297, 54.25167],
            [13.36179, 54.25227],
            [13.36128, 54.25271],
            [13.36047, 54.25287],
            [13.3592, 54.2529],
            [13.35861, 54.25277],
            [13.35887, 54.25239],
            [13.36003, 54.25211],
            [13.36113, 54.25194],
            [13.36174, 54.25158],
            [13.36235, 54.25114],
            [13.36288, 54.2511],
            [13.36351, 54.25109],
            [13.3643, 54.25121]
          ],
          [
            [13.3907, 54.26447],
            [13.39106, 54.26481],
            [13.39084, 54.26513],
            [13.39041, 54.26531],
            [13.38973, 54.26532],
            [13.389, 54.26525],
            [13.38859, 54.26503],
            [13.38847, 54.26467],
            [13.38875, 54.2644],
            [13.38932, 54.26425],
            [13.3901, 54.26423],
            [13.3907, 54.26447]
          ],
          [
            [13.5439, 54.32305],
            [13.54092, 54.33215],
            [13.51869, 54.31224],
            [13.5439, 54.32305]
          ],
          [
            [12.52953, 54.34643],
            [12.52924, 54.34657],
            [12.52911, 54.34692],
            [12.5293, 54.34744],
            [12.5296, 54.34774],
            [12.52962, 54.34907],
            [12.52977, 54.34965],
            [12.52959, 54.35009],
            [12.52752, 54.35207],
            [12.52692, 54.35223],
            [12.52666, 54.35197],
            [12.52672, 54.35135],
            [12.52698, 54.35099],
            [12.52742, 54.35065],
            [12.52789, 54.35045],
            [12.52825, 54.35014],
            [12.52835, 54.3498],
            [12.52825, 54.3494],
            [12.52779, 54.34917],
            [12.52742, 54.34896],
            [12.52756, 54.3486],
            [12.52787, 54.34831],
            [12.52805, 54.34772],
            [12.52826, 54.347],
            [12.52791, 54.34655],
            [12.52802, 54.34622],
            [12.52857, 54.34588],
            [12.5293, 54.34564],
            [12.52997, 54.34553],
            [12.53035, 54.34583],
            [12.53008, 54.34629],
            [12.52957, 54.34627],
            [12.52953, 54.34643]
          ],
          [
            [12.53147, 54.35807],
            [12.53096, 54.35846],
            [12.53019, 54.35852],
            [12.52975, 54.35867],
            [12.52922, 54.35872],
            [12.52905, 54.35849],
            [12.52898, 54.35804],
            [12.52876, 54.35764],
            [12.52895, 54.35723],
            [12.52922, 54.35692],
            [12.52953, 54.35668],
            [12.52956, 54.35646],
            [12.52914, 54.35618],
            [12.52868, 54.35588],
            [12.5282, 54.3553],
            [12.52797, 54.35473],
            [12.52786, 54.35411],
            [12.52784, 54.35364],
            [12.52837, 54.35282],
            [12.52856, 54.35244],
            [12.5289, 54.35189],
            [12.52972, 54.35111],
            [12.53022, 54.35068],
            [12.53061, 54.35031],
            [12.53096, 54.34993],
            [12.53125, 54.35007],
            [12.53123, 54.35046],
            [12.5312, 54.35078],
            [12.53099, 54.35131],
            [12.53091, 54.35152],
            [12.53069, 54.3519],
            [12.53075, 54.35238],
            [12.53049, 54.35286],
            [12.53035, 54.35336],
            [12.52979, 54.35365],
            [12.52936, 54.35397],
            [12.52917, 54.35428],
            [12.52927, 54.35468],
            [12.52985, 54.35486],
            [12.53063, 54.355],
            [12.53161, 54.355],
            [12.53233, 54.35485],
            [12.53294, 54.35477],
            [12.53307, 54.355],
            [12.53281, 54.35541],
            [12.53299, 54.35581],
            [12.53311, 54.35598],
            [12.53321, 54.35612],
            [12.53385, 54.35604],
            [12.53421, 54.35579],
            [12.53485, 54.35569],
            [12.53539, 54.35573],
            [12.53552, 54.35601],
            [12.53529, 54.35635],
            [12.53466, 54.35674],
            [12.53374, 54.35713],
            [12.53335, 54.35752],
            [12.53304, 54.35767],
            [12.53251, 54.35775],
            [12.53194, 54.35773],
            [12.53147, 54.35807]
          ],
          [
            [12.52791, 54.35778],
            [12.52789, 54.35813],
            [12.52764, 54.35882],
            [12.52764, 54.3597],
            [12.52784, 54.36048],
            [12.52827, 54.36122],
            [12.52832, 54.36164],
            [12.5279, 54.36172],
            [12.52703, 54.36135],
            [12.52672, 54.361],
            [12.52677, 54.36083],
            [12.52683, 54.36059],
            [12.52632, 54.36022],
            [12.52594, 54.35989],
            [12.52528, 54.35963],
            [12.52513, 54.35939],
            [12.52534, 54.35901],
            [12.52565, 54.35876],
            [12.52608, 54.35842],
            [12.52657, 54.35811],
            [12.52716, 54.35778],
            [12.5274, 54.35765],
            [12.52766, 54.35763],
            [12.52791, 54.35778]
          ],
          [
            [12.52743, 54.36565],
            [12.52764, 54.36578],
            [12.5281, 54.36592],
            [12.52856, 54.36617],
            [12.52865, 54.36661],
            [12.52817, 54.3667],
            [12.5274, 54.36669],
            [12.52662, 54.36666],
            [12.52592, 54.36648],
            [12.52575, 54.36624],
            [12.5261, 54.3659],
            [12.52613, 54.36569],
            [12.5258, 54.36558],
            [12.52527, 54.36559],
            [12.52495, 54.36536],
            [12.52484, 54.36509],
            [12.52478, 54.36386],
            [12.5248, 54.36336],
            [12.52523, 54.36292],
            [12.52586, 54.36261],
            [12.52644, 54.36269],
            [12.52654, 54.36283],
            [12.5267, 54.36307],
            [12.52668, 54.36345],
            [12.52714, 54.3637],
            [12.52751, 54.36396],
            [12.5277, 54.36433],
            [12.52776, 54.36444],
            [12.52792, 54.36471],
            [12.52798, 54.36511],
            [12.52782, 54.36524],
            [12.52762, 54.3654],
            [12.52743, 54.36565]
          ],
          [
            [12.52435, 54.36852],
            [12.52371, 54.3686],
            [12.52297, 54.36847],
            [12.52295, 54.36809],
            [12.52354, 54.36773],
            [12.52455, 54.36743],
            [12.52498, 54.36723],
            [12.52592, 54.36717],
            [12.52697, 54.36717],
            [12.52804, 54.36728],
            [12.52873, 54.36738],
            [12.529, 54.36776],
            [12.52901, 54.36809],
            [12.5288, 54.36828],
            [12.52854, 54.3685],
            [12.5279, 54.36858],
            [12.52676, 54.3686],
            [12.52578, 54.36859],
            [12.52504, 54.36849],
            [12.52435, 54.36852]
          ],
          [
            [12.52264, 54.37278],
            [12.52297, 54.37297],
            [12.523, 54.37346],
            [12.52281, 54.37378],
            [12.52253, 54.37392],
            [12.52223, 54.37364],
            [12.52201, 54.37331],
            [12.52167, 54.37299],
            [12.52134, 54.37278],
            [12.52097, 54.37269],
            [12.51995, 54.3727],
            [12.51946, 54.37269],
            [12.51901, 54.37262],
            [12.51872, 54.37246],
            [12.51858, 54.37223],
            [12.51894, 54.37201],
            [12.5198, 54.37202],
            [12.52023, 54.37163],
            [12.52054, 54.37134],
            [12.52064, 54.37091],
            [12.52046, 54.37058],
            [12.52069, 54.37036],
            [12.52139, 54.3704],
            [12.52204, 54.37034],
            [12.52268, 54.37019],
            [12.52309, 54.37021],
            [12.52346, 54.37022],
            [12.52407, 54.37033],
            [12.52445, 54.37059],
            [12.5245, 54.37087],
            [12.52436, 54.37118],
            [12.52408, 54.37138],
            [12.5234, 54.37165],
            [12.52272, 54.37178],
            [12.52223, 54.37188],
            [12.52208, 54.37212],
            [12.52226, 54.37255],
            [12.52248, 54.37268],
            [12.52264, 54.37278]
          ],
          [
            [12.58453, 54.37534],
            [12.58491, 54.37564],
            [12.58531, 54.37603],
            [12.5853, 54.37639],
            [12.58493, 54.37687],
            [12.58422, 54.37755],
            [12.58401, 54.37808],
            [12.58407, 54.3786],
            [12.58439, 54.37909],
            [12.58483, 54.37957],
            [12.58541, 54.37998],
            [12.58575, 54.38026],
            [12.58579, 54.38043],
            [12.58548, 54.38067],
            [12.58489, 54.38071],
            [12.58449, 54.38053],
            [12.58385, 54.38012],
            [12.58329, 54.3796],
            [12.58298, 54.37931],
            [12.58237, 54.37871],
            [12.5818, 54.37826],
            [12.58115, 54.37784],
            [12.58072, 54.37751],
            [12.58049, 54.37725],
            [12.58044, 54.37711],
            [12.58044, 54.37699],
            [12.58049, 54.37684],
            [12.58069, 54.37657],
            [12.58102, 54.37621],
            [12.58104, 54.37593],
            [12.58132, 54.37568],
            [12.58178, 54.37559],
            [12.58269, 54.37555],
            [12.58316, 54.37532],
            [12.58391, 54.37523],
            [12.58453, 54.37534]
          ],
          [
            [13.21111, 54.39697],
            [13.21221, 54.39713],
            [13.21327, 54.39713],
            [13.21437, 54.39724],
            [13.21619, 54.39745],
            [13.21718, 54.3977],
            [13.21759, 54.39804],
            [13.21758, 54.39838],
            [13.21788, 54.39883],
            [13.21846, 54.39941],
            [13.21917, 54.40008],
            [13.21973, 54.40025],
            [13.22026, 54.40054],
            [13.22031, 54.40081],
            [13.2202, 54.40143],
            [13.2198, 54.4019],
            [13.21935, 54.4022],
            [13.2185, 54.40252],
            [13.21753, 54.40263],
            [13.21574, 54.40269],
            [13.2142, 54.40256],
            [13.21235, 54.40235],
            [13.21124, 54.40203],
            [13.21076, 54.40185],
            [13.21015, 54.40162],
            [13.20922, 54.4011],
            [13.20823, 54.40034],
            [13.20735, 54.39947],
            [13.20717, 54.39902],
            [13.20714, 54.39856],
            [13.20718, 54.3982],
            [13.20739, 54.39766],
            [13.2076, 54.39725],
            [13.20806, 54.39699],
            [13.20894, 54.39676],
            [13.20992, 54.3967],
            [13.21111, 54.39697]
          ],
          [
            [12.66561, 54.40682],
            [12.66485, 54.40732],
            [12.66399, 54.4075],
            [12.66314, 54.40758],
            [12.6618, 54.4078],
            [12.66096, 54.40803],
            [12.65993, 54.40822],
            [12.65866, 54.40827],
            [12.65758, 54.40815],
            [12.65686, 54.40787],
            [12.65632, 54.40657],
            [12.6565, 54.4062],
            [12.65727, 54.4059],
            [12.65825, 54.40594],
            [12.65866, 54.40645],
            [12.65975, 54.40674],
            [12.66098, 54.40678],
            [12.66195, 54.40671],
            [12.66252, 54.40644],
            [12.66242, 54.40621],
            [12.66172, 54.40597],
            [12.66097, 54.4057],
            [12.66072, 54.40556],
            [12.661, 54.40521],
            [12.66162, 54.40497],
            [12.6624, 54.40485],
            [12.66299, 54.40498],
            [12.66393, 54.40522],
            [12.665, 54.40545],
            [12.66519, 54.40591],
            [12.6654, 54.40631],
            [12.66547, 54.40659],
            [12.66561, 54.40682]
          ],
          [
            [12.73591, 54.41272],
            [12.71795, 54.40571],
            [12.72977, 54.4049],
            [12.73591, 54.41272]
          ],
          [
            [12.67114, 54.4162],
            [12.67125, 54.41662],
            [12.67104, 54.4169],
            [12.6709, 54.41708],
            [12.67069, 54.41768],
            [12.67043, 54.41813],
            [12.67038, 54.41878],
            [12.67033, 54.41944],
            [12.67044, 54.42008],
            [12.67076, 54.42065],
            [12.67045, 54.42096],
            [12.67007, 54.4208],
            [12.66969, 54.42052],
            [12.66935, 54.42015],
            [12.66902, 54.41974],
            [12.66879, 54.41945],
            [12.66854, 54.41906],
            [12.66861, 54.41847],
            [12.66905, 54.41744],
            [12.66931, 54.41704],
            [12.6699, 54.41657],
            [12.6702, 54.41617],
            [12.6706, 54.41597],
            [12.67101, 54.41594],
            [12.67114, 54.4162]
          ],
          [
            [12.64375, 54.41972],
            [12.64308, 54.42059],
            [12.64276, 54.42079],
            [12.64244, 54.421],
            [12.642, 54.42117],
            [12.64139, 54.42132],
            [12.64081, 54.4215],
            [12.64025, 54.4217],
            [12.63984, 54.42182],
            [12.63947, 54.42203],
            [12.639, 54.42251],
            [12.63854, 54.42284],
            [12.63832, 54.42312],
            [12.63821, 54.42337],
            [12.63803, 54.42354],
            [12.63772, 54.42349],
            [12.63718, 54.42328],
            [12.63668, 54.42299],
            [12.63641, 54.42274],
            [12.63594, 54.42246],
            [12.63572, 54.42223],
            [12.63536, 54.4221],
            [12.63528, 54.42192],
            [12.63529, 54.42172],
            [12.63531, 54.42155],
            [12.63506, 54.42125],
            [12.63507, 54.42102],
            [12.63561, 54.42088],
            [12.63612, 54.42078],
            [12.63652, 54.42066],
            [12.6366, 54.42038],
            [12.63646, 54.42007],
            [12.6363, 54.41973],
            [12.63643, 54.41917],
            [12.63641, 54.41871],
            [12.63628, 54.41813],
            [12.63599, 54.41764],
            [12.63597, 54.41716],
            [12.63631, 54.41678],
            [12.63689, 54.41627],
            [12.6373, 54.4161],
            [12.63789, 54.41602],
            [12.63846, 54.41611],
            [12.63871, 54.41628],
            [12.63863, 54.41657],
            [12.63849, 54.41678],
            [12.63839, 54.41692],
            [12.63843, 54.41735],
            [12.63849, 54.41768],
            [12.63868, 54.41802],
            [12.63874, 54.41838],
            [12.63888, 54.41875],
            [12.63912, 54.41893],
            [12.63937, 54.41921],
            [12.63974, 54.41936],
            [12.64019, 54.41937],
            [12.6407, 54.41922],
            [12.64141, 54.41902],
            [12.6415, 54.4187],
            [12.64174, 54.41839],
            [12.64202, 54.4182],
            [12.64233, 54.41786],
            [12.64185, 54.41769],
            [12.64131, 54.41768],
            [12.6409, 54.41758],
            [12.64057, 54.41721],
            [12.64061, 54.41698],
            [12.64079, 54.41682],
            [12.64112, 54.41674],
            [12.64154, 54.41667],
            [12.6419, 54.41676],
            [12.64242, 54.41677],
            [12.6432, 54.41677],
            [12.64334, 54.4167],
            [12.6434, 54.41649],
            [12.64369, 54.41621],
            [12.64414, 54.41612],
            [12.64441, 54.416],
            [12.64446, 54.41582],
            [12.64475, 54.41559],
            [12.64503, 54.41558],
            [12.64523, 54.41578],
            [12.64513, 54.41612],
            [12.64533, 54.41639],
            [12.64537, 54.41673],
            [12.64538, 54.41695],
            [12.64527, 54.41747],
            [12.6451, 54.41784],
            [12.64456, 54.4185],
            [12.64433, 54.41901],
            [12.64375, 54.41972]
          ],
          [
            [12.72553, 54.42717],
            [12.7257, 54.42727],
            [12.72579, 54.42743],
            [12.72586, 54.42771],
            [12.72591, 54.42803],
            [12.7259, 54.42835],
            [12.72585, 54.42861],
            [12.7258, 54.42882],
            [12.7257, 54.42902],
            [12.72557, 54.4292],
            [12.72542, 54.42935],
            [12.72515, 54.42951],
            [12.72493, 54.42961],
            [12.72462, 54.42969],
            [12.72432, 54.42972],
            [12.72393, 54.4297],
            [12.72362, 54.42965],
            [12.72334, 54.42955],
            [12.72318, 54.42944],
            [12.72312, 54.42929],
            [12.72312, 54.42912],
            [12.72318, 54.42895],
            [12.7233, 54.42875],
            [12.72331, 54.42861],
            [12.72321, 54.42849],
            [12.72304, 54.42834],
            [12.72298, 54.42818],
            [12.723, 54.42803],
            [12.7231, 54.42787],
            [12.72335, 54.42771],
            [12.72364, 54.42757],
            [12.72407, 54.42739],
            [12.72462, 54.42723],
            [12.72497, 54.42714],
            [12.72526, 54.42712],
            [12.72553, 54.42717]
          ],
          [
            [13.12307, 54.42752],
            [13.12309, 54.42789],
            [13.12337, 54.42839],
            [13.123, 54.42886],
            [13.12218, 54.42899],
            [13.12091, 54.42907],
            [13.1199, 54.42938],
            [13.11908, 54.42948],
            [13.1187, 54.42975],
            [13.11823, 54.42998],
            [13.11775, 54.43022],
            [13.11733, 54.43054],
            [13.11701, 54.43086],
            [13.11662, 54.43084],
            [13.1164, 54.43051],
            [13.11638, 54.43011],
            [13.11624, 54.42948],
            [13.1164, 54.42882],
            [13.11642, 54.42811],
            [13.11694, 54.4273],
            [13.11788, 54.42671],
            [13.11909, 54.4264],
            [13.1207, 54.42637],
            [13.12217, 54.42648],
            [13.12355, 54.42668],
            [13.12469, 54.42688],
            [13.12509, 54.42699],
            [13.12535, 54.42718],
            [13.12521, 54.42736],
            [13.12468, 54.42748],
            [13.12433, 54.42738],
            [13.12364, 54.42728],
            [13.12307, 54.42752]
          ],
          [
            [12.69573, 54.43103],
            [12.67798, 54.42249],
            [12.679, 54.41525],
            [12.73108, 54.41665],
            [12.72408, 54.42537],
            [12.69573, 54.43103]
          ],
          [
            [12.92929, 54.42729],
            [12.92958, 54.42752],
            [12.92991, 54.42782],
            [12.93006, 54.42838],
            [12.93011, 54.42866],
            [12.93013, 54.42894],
            [12.93011, 54.42922],
            [12.93009, 54.42937],
            [12.93003, 54.42964],
            [12.9299, 54.42991],
            [12.92969, 54.43015],
            [12.92941, 54.43039],
            [12.9291, 54.43061],
            [12.92878, 54.43081],
            [12.9285, 54.43098],
            [12.92792, 54.4313],
            [12.92759, 54.43151],
            [12.92698, 54.43194],
            [12.92666, 54.43215],
            [12.9263, 54.43234],
            [12.92587, 54.43248],
            [12.92503, 54.43273],
            [12.92438, 54.43294],
            [12.92393, 54.43305],
            [12.92372, 54.43308],
            [12.92346, 54.43309],
            [12.92322, 54.43304],
            [12.92302, 54.43295],
            [12.923, 54.43284],
            [12.92311, 54.4327],
            [12.92326, 54.43257],
            [12.92357, 54.43236],
            [12.92391, 54.43216],
            [12.92445, 54.43188],
            [12.92595, 54.43117],
            [12.92649, 54.43089],
            [12.92682, 54.43069],
            [12.9271, 54.43046],
            [12.9274, 54.43023],
            [12.92764, 54.42999],
            [12.92774, 54.42987],
            [12.92792, 54.42961],
            [12.92804, 54.42934],
            [12.92813, 54.42907],
            [12.92817, 54.42892],
            [12.92823, 54.42865],
            [12.92829, 54.42808],
            [12.92826, 54.42779],
            [12.92828, 54.42766],
            [12.92837, 54.42753],
            [12.9285, 54.42742],
            [12.92871, 54.42731],
            [12.92912, 54.42719],
            [12.92929, 54.42729]
          ],
          [
            [11.08248, 54.43891],
            [11.08176, 54.43893],
            [11.08149, 54.43875],
            [11.08179, 54.43847],
            [11.08212, 54.4383],
            [11.08324, 54.43788],
            [11.08544, 54.43727],
            [11.08597, 54.43677],
            [11.08685, 54.43632],
            [11.08858, 54.43591],
            [11.08954, 54.43595],
            [11.09009, 54.4364],
            [11.08977, 54.43676],
            [11.08961, 54.43714],
            [11.09, 54.43749],
            [11.09135, 54.43812],
            [11.09089, 54.43821],
            [11.0894, 54.43798],
            [11.08836, 54.4383],
            [11.08809, 54.43846],
            [11.08732, 54.43837],
            [11.08677, 54.4384],
            [11.08606, 54.43884],
            [11.0857, 54.43874],
            [11.085, 54.4387],
            [11.08441, 54.4387],
            [11.08347, 54.43868],
            [11.08248, 54.43891]
          ],
          [
            [12.97015, 54.43642],
            [12.97041, 54.43663],
            [12.97047, 54.43703],
            [12.97051, 54.4373],
            [12.97068, 54.4379],
            [12.97075, 54.43816],
            [12.97102, 54.43895],
            [12.97113, 54.43935],
            [12.97132, 54.43974],
            [12.97148, 54.44004],
            [12.97155, 54.44026],
            [12.97153, 54.44048],
            [12.97113, 54.44051],
            [12.97057, 54.4404],
            [12.97008, 54.44015],
            [12.9697, 54.43997],
            [12.96908, 54.43989],
            [12.96851, 54.43967],
            [12.96823, 54.43928],
            [12.96804, 54.43894],
            [12.96779, 54.43847],
            [12.96776, 54.43803],
            [12.96808, 54.43761],
            [12.96836, 54.43721],
            [12.96936, 54.43644],
            [12.96975, 54.43636],
            [12.97015, 54.43642]
          ],
          [
            [12.98101, 54.44237],
            [12.98037, 54.44245],
            [12.97972, 54.44245],
            [12.97907, 54.44233],
            [12.97862, 54.44227],
            [12.97812, 54.44241],
            [12.97772, 54.44244],
            [12.97727, 54.44227],
            [12.97672, 54.44205],
            [12.97562, 54.44199],
            [12.97451, 54.4419],
            [12.97389, 54.44176],
            [12.97353, 54.44149],
            [12.97355, 54.44136],
            [12.97372, 54.44122],
            [12.97408, 54.44115],
            [12.97464, 54.44109],
            [12.97514, 54.44105],
            [12.97567, 54.44097],
            [12.976, 54.44085],
            [12.97636, 54.44066],
            [12.97726, 54.44028],
            [12.97814, 54.43982],
            [12.97853, 54.43934],
            [12.97887, 54.43891],
            [12.9793, 54.43862],
            [12.97959, 54.43825],
            [12.97996, 54.43785],
            [12.98026, 54.43772],
            [12.98085, 54.43756],
            [12.98138, 54.43748],
            [12.98197, 54.4375],
            [12.98248, 54.43757],
            [12.98299, 54.43769],
            [12.98347, 54.43823],
            [12.98357, 54.43849],
            [12.98364, 54.4387],
            [12.98391, 54.43914],
            [12.98378, 54.43968],
            [12.98389, 54.44002],
            [12.98415, 54.44021],
            [12.9842, 54.44059],
            [12.98408, 54.44094],
            [12.98376, 54.44129],
            [12.98362, 54.44138],
            [12.98254, 54.44198],
            [12.98173, 54.4422],
            [12.98101, 54.44237]
          ],
          [
            [12.94835, 54.44266],
            [12.93003, 54.44306],
            [12.92393, 54.43479],
            [12.95912, 54.43674],
            [12.94835, 54.44266]
          ],
          [
            [12.98848, 54.44373],
            [12.98933, 54.44402],
            [12.98995, 54.44455],
            [12.98978, 54.44493],
            [12.98925, 54.44511],
            [12.98826, 54.44502],
            [12.98741, 54.44463],
            [12.98698, 54.44404],
            [12.98745, 54.44363],
            [12.98848, 54.44373]
          ],
          [
            [13.04841, 54.46025],
            [13.03366, 54.44698],
            [13.00029, 54.44784],
            [12.97262, 54.43586],
            [13.04156, 54.44243],
            [13.05899, 54.4512],
            [13.04841, 54.46025]
          ],
          [
            [13.20973, 54.46354],
            [13.2096, 54.46369],
            [13.20931, 54.46379],
            [13.20894, 54.46389],
            [13.2087, 54.46409],
            [13.20855, 54.46432],
            [13.2083, 54.46441],
            [13.20784, 54.46433],
            [13.20767, 54.46412],
            [13.20758, 54.46392],
            [13.20747, 54.46378],
            [13.20708, 54.46358],
            [13.20666, 54.46351],
            [13.20609, 54.46347],
            [13.2055, 54.46347],
            [13.20528, 54.46352],
            [13.20503, 54.46366],
            [13.20485, 54.46384],
            [13.20447, 54.46385],
            [13.20397, 54.46379],
            [13.20321, 54.46368],
            [13.20259, 54.46344],
            [13.20218, 54.46318],
            [13.20194, 54.46287],
            [13.20182, 54.46252],
            [13.20152, 54.46243],
            [13.20112, 54.46238],
            [13.20064, 54.46235],
            [13.20038, 54.46223],
            [13.19993, 54.46199],
            [13.19966, 54.46178],
            [13.19922, 54.4617],
            [13.19897, 54.46155],
            [13.19888, 54.46127],
            [13.19894, 54.46071],
            [13.19872, 54.46041],
            [13.19842, 54.46033],
            [13.19831, 54.46015],
            [13.19823, 54.45972],
            [13.19837, 54.45912],
            [13.1986, 54.45872],
            [13.19862, 54.4584],
            [13.19859, 54.45793],
            [13.19855, 54.45762],
            [13.19867, 54.4573],
            [13.19903, 54.45712],
            [13.19938, 54.45698],
            [13.19993, 54.45697],
            [13.20027, 54.457],
            [13.20063, 54.45715],
            [13.20061, 54.45736],
            [13.2004, 54.4576],
            [13.20037, 54.45795],
            [13.20027, 54.45826],
            [13.2002, 54.45853],
            [13.20018, 54.45883],
            [13.20019, 54.45921],
            [13.20023, 54.45951],
            [13.20042, 54.45984],
            [13.20076, 54.46003],
            [13.20165, 54.46052],
            [13.20221, 54.46093],
            [13.20241, 54.46115],
            [13.20272, 54.46136],
            [13.20313, 54.46161],
            [13.20355, 54.46173],
            [13.20382, 54.46167],
            [13.20415, 54.46151],
            [13.20454, 54.46144],
            [13.2048, 54.46147],
            [13.20484, 54.4616],
            [13.2047, 54.46179],
            [13.20475, 54.462],
            [13.20508, 54.46214],
            [13.20557, 54.46218],
            [13.20605, 54.46219],
            [13.20643, 54.46224],
            [13.20675, 54.46231],
            [13.20707, 54.46249],
            [13.20742, 54.46273],
            [13.20775, 54.46295],
            [13.20822, 54.46315],
            [13.20848, 54.46321],
            [13.20885, 54.46313],
            [13.20939, 54.46317],
            [13.20965, 54.46331],
            [13.20973, 54.46354]
          ],
          [
            [13.21076, 54.46389],
            [13.21113, 54.46413],
            [13.21154, 54.46429],
            [13.21177, 54.46431],
            [13.21211, 54.46434],
            [13.21249, 54.46445],
            [13.21263, 54.46469],
            [13.21249, 54.46507],
            [13.21218, 54.46519],
            [13.21185, 54.4652],
            [13.2115, 54.4653],
            [13.21105, 54.46536],
            [13.21057, 54.46532],
            [13.21027, 54.46515],
            [13.2106, 54.46489],
            [13.21077, 54.46468],
            [13.21025, 54.46459],
            [13.20975, 54.46455],
            [13.2093, 54.4645],
            [13.20907, 54.46438],
            [13.20928, 54.46418],
            [13.20956, 54.46401],
            [13.20995, 54.46389],
            [13.2102, 54.46374],
            [13.21035, 54.46364],
            [13.21076, 54.46389]
          ],
          [
            [13.20732, 54.46537],
            [13.20721, 54.46564],
            [13.20693, 54.46581],
            [13.2067, 54.46599],
            [13.20637, 54.46656],
            [13.20633, 54.46667],
            [13.20602, 54.4667],
            [13.20571, 54.46664],
            [13.2051, 54.46651],
            [13.20459, 54.46634],
            [13.20408, 54.46616],
            [13.20381, 54.46587],
            [13.20379, 54.46558],
            [13.20398, 54.46543],
            [13.20427, 54.46531],
            [13.20455, 54.46532],
            [13.20488, 54.46536],
            [13.20526, 54.46536],
            [13.20561, 54.46534],
            [13.206, 54.46514],
            [13.20652, 54.46506],
            [13.20698, 54.46514],
            [13.20732, 54.46537]
          ],
          [
            [8.73594, 54.46762],
            [8.73634, 54.46781],
            [8.73496, 54.46801],
            [8.73422, 54.46786],
            [8.73283, 54.46758],
            [8.73242, 54.46757],
            [8.73118, 54.46765],
            [8.72865, 54.46782],
            [8.72704, 54.46792],
            [8.72598, 54.46784],
            [8.72428, 54.46764],
            [8.72292, 54.46748],
            [8.72149, 54.46728],
            [8.72033, 54.46721],
            [8.71979, 54.46712],
            [8.71918, 54.46693],
            [8.71877, 54.46675],
            [8.71851, 54.46662],
            [8.71848, 54.46644],
            [8.71863, 54.46617],
            [8.71968, 54.46542],
            [8.72103, 54.46441],
            [8.72239, 54.46359],
            [8.724, 54.46286],
            [8.72545, 54.46236],
            [8.72628, 54.46231],
            [8.72723, 54.46232],
            [8.72839, 54.46249],
            [8.72933, 54.46275],
            [8.73, 54.4632],
            [8.73039, 54.4638],
            [8.73077, 54.46448],
            [8.73102, 54.46503],
            [8.73143, 54.46559],
            [8.73192, 54.46554],
            [8.73232, 54.46578],
            [8.73279, 54.46611],
            [8.73309, 54.46642],
            [8.73331, 54.46665],
            [8.73374, 54.46709],
            [8.73496, 54.46739],
            [8.73594, 54.46762]
          ],
          [
            [8.55275, 54.45973],
            [8.56197, 54.46479],
            [8.54771, 54.46863],
            [8.55275, 54.45973]
          ],
          [
            [13.22478, 54.46967],
            [13.22451, 54.4699],
            [13.22421, 54.47014],
            [13.22376, 54.4701],
            [13.22347, 54.46979],
            [13.22304, 54.4696],
            [13.22237, 54.46944],
            [13.22156, 54.4692],
            [13.22126, 54.46894],
            [13.22077, 54.46836],
            [13.2201, 54.46771],
            [13.21959, 54.46728],
            [13.21881, 54.46697],
            [13.21806, 54.46683],
            [13.21705, 54.46667],
            [13.21576, 54.46665],
            [13.21481, 54.4667],
            [13.21445, 54.46686],
            [13.2141, 54.46707],
            [13.2137, 54.46709],
            [13.21323, 54.46706],
            [13.21303, 54.46691],
            [13.21304, 54.46666],
            [13.21308, 54.4664],
            [13.21329, 54.46598],
            [13.21342, 54.46549],
            [13.2134, 54.46515],
            [13.21347, 54.46469],
            [13.21372, 54.46448],
            [13.21418, 54.46424],
            [13.21556, 54.46391],
            [13.2165, 54.46379],
            [13.2168, 54.46402],
            [13.21721, 54.46424],
            [13.21773, 54.46451],
            [13.21835, 54.46468],
            [13.21912, 54.46483],
            [13.21988, 54.46477],
            [13.22069, 54.46463],
            [13.22123, 54.46445],
            [13.22161, 54.46462],
            [13.22197, 54.46484],
            [13.22282, 54.46501],
            [13.2234, 54.46532],
            [13.22378, 54.46559],
            [13.22378, 54.46593],
            [13.22375, 54.46631],
            [13.2234, 54.46658],
            [13.22326, 54.46687],
            [13.22328, 54.46723],
            [13.22359, 54.46751],
            [13.22437, 54.46809],
            [13.22502, 54.4684],
            [13.22525, 54.46869],
            [13.22542, 54.46895],
            [13.22618, 54.4693],
            [13.22685, 54.46945],
            [13.22697, 54.46968],
            [13.22653, 54.46977],
            [13.22584, 54.46972],
            [13.2252, 54.46961],
            [13.22478, 54.46967]
          ],
          [
            [13.08071, 54.47452],
            [13.08154, 54.47483],
            [13.08222, 54.47527],
            [13.08281, 54.47559],
            [13.08315, 54.47582],
            [13.08331, 54.47634],
            [13.08316, 54.47663],
            [13.08281, 54.47688],
            [13.08245, 54.47695],
            [13.08182, 54.477],
            [13.08127, 54.47668],
            [13.08017, 54.47592],
            [13.07993, 54.47572],
            [13.07969, 54.4754],
            [13.07975, 54.47494],
            [13.0797, 54.47458],
            [13.08, 54.47446],
            [13.08071, 54.47452]
          ],
          [
            [13.19024, 54.49328],
            [13.1483, 54.48145],
            [13.12056, 54.44383],
            [13.22549, 54.47068],
            [13.21855, 54.4832],
            [13.22484, 54.48661],
            [13.20067, 54.4855],
            [13.19024, 54.49328]
          ],
          [
            [13.15892, 54.51304],
            [13.1569, 54.50528],
            [13.16884, 54.50521],
            [13.15892, 54.51304]
          ],
          [
            [8.51038, 54.52732],
            [8.51224, 54.52766],
            [8.51316, 54.52768],
            [8.51398, 54.52771],
            [8.51446, 54.52783],
            [8.51532, 54.52812],
            [8.51598, 54.52843],
            [8.51622, 54.52858],
            [8.51646, 54.52876],
            [8.51669, 54.52901],
            [8.51616, 54.52914],
            [8.51419, 54.52958],
            [8.51332, 54.52953],
            [8.51284, 54.52948],
            [8.51184, 54.52924],
            [8.51012, 54.52879],
            [8.50804, 54.52803],
            [8.50753, 54.5278],
            [8.50722, 54.5276],
            [8.5073, 54.52744],
            [8.50826, 54.52729],
            [8.5093, 54.52724],
            [8.51038, 54.52732]
          ],
          [
            [11.08618, 54.53057],
            [11.06424, 54.53506],
            [11.03116, 54.5118],
            [11.01032, 54.48256],
            [11.00893, 54.44167],
            [11.04715, 54.42828],
            [11.02208, 54.43745],
            [11.02484, 54.44478],
            [11.0533, 54.44561],
            [11.06319, 54.45281],
            [11.09512, 54.44545],
            [11.1018, 54.43157],
            [11.09514, 54.40953],
            [11.12097, 54.40208],
            [11.17295, 54.40148],
            [11.22989, 54.41223],
            [11.31266, 54.40226],
            [11.29808, 54.43076],
            [11.25262, 54.47176],
            [11.23268, 54.50686],
            [11.21673, 54.50438],
            [11.16548, 54.52248],
            [11.08618, 54.53057]
          ],
          [
            [13.30131, 54.54062],
            [13.30124, 54.54085],
            [13.30105, 54.54097],
            [13.30085, 54.54097],
            [13.30031, 54.54096],
            [13.29991, 54.54088],
            [13.29949, 54.54053],
            [13.29907, 54.54021],
            [13.29862, 54.53971],
            [13.29854, 54.53941],
            [13.29863, 54.5391],
            [13.29909, 54.53859],
            [13.29954, 54.53822],
            [13.30032, 54.53806],
            [13.30112, 54.53783],
            [13.30188, 54.5376],
            [13.30256, 54.53751],
            [13.30284, 54.53755],
            [13.30291, 54.5377],
            [13.30263, 54.53785],
            [13.3024, 54.53817],
            [13.3021, 54.53836],
            [13.30146, 54.53856],
            [13.30082, 54.53879],
            [13.30044, 54.53923],
            [13.30019, 54.53975],
            [13.3003, 54.54027],
            [13.30036, 54.5405],
            [13.30064, 54.54056],
            [13.30095, 54.54058],
            [13.30119, 54.54057],
            [13.30131, 54.54062]
          ],
          [
            [13.1247, 54.54359],
            [13.12332, 54.54984],
            [13.11696, 54.54686],
            [13.11857, 54.53893],
            [13.1247, 54.54359]
          ],
          [
            [8.81664, 54.55248],
            [8.78938, 54.5519],
            [8.82356, 54.54309],
            [8.82827, 54.54978],
            [8.81664, 54.55248]
          ],
          [
            [8.70504, 54.55756],
            [8.59532, 54.53384],
            [8.58783, 54.52885],
            [8.58825, 54.51572],
            [8.62486, 54.48907],
            [8.66985, 54.49453],
            [8.68728, 54.50902],
            [8.70175, 54.50039],
            [8.68871, 54.51079],
            [8.69681, 54.5175],
            [8.68699, 54.52088],
            [8.70604, 54.5376],
            [8.71087, 54.55296],
            [8.70504, 54.55756]
          ],
          [
            [8.56002, 54.57599],
            [8.50854, 54.57669],
            [8.55094, 54.55684],
            [8.57557, 54.56046],
            [8.56002, 54.57599]
          ],
          [
            [8.82497, 54.60427],
            [8.80813, 54.60397],
            [8.81885, 54.59481],
            [8.83323, 54.60341],
            [8.82497, 54.60427]
          ],
          [
            [13.137, 54.60476],
            [13.09797, 54.59062],
            [13.10044, 54.56505],
            [13.06555, 54.49236],
            [13.06386, 54.45804],
            [13.0767, 54.47863],
            [13.07068, 54.49178],
            [13.08861, 54.5152],
            [13.08463, 54.51916],
            [13.09291, 54.51737],
            [13.0925, 54.52764],
            [13.11675, 54.53766],
            [13.10765, 54.56846],
            [13.11912, 54.57433],
            [13.11142, 54.58467],
            [13.12524, 54.58367],
            [13.14135, 54.59885],
            [13.13442, 54.58847],
            [13.1455, 54.57384],
            [13.1466, 54.59552],
            [13.1508, 54.57544],
            [13.15536, 54.5801],
            [13.15796, 54.57372],
            [13.14679, 54.60335],
            [13.137, 54.60476]
          ],
          [
            [8.7715, 54.63699],
            [8.77104, 54.6374],
            [8.77045, 54.63783],
            [8.76972, 54.63806],
            [8.76896, 54.63803],
            [8.76817, 54.63798],
            [8.76739, 54.6379],
            [8.76641, 54.63785],
            [8.76569, 54.63769],
            [8.76488, 54.63741],
            [8.76398, 54.63719],
            [8.76316, 54.63693],
            [8.76257, 54.63673],
            [8.76198, 54.63644],
            [8.76146, 54.63618],
            [8.76115, 54.63596],
            [8.76119, 54.63575],
            [8.76156, 54.63537],
            [8.7621, 54.63524],
            [8.76267, 54.63522],
            [8.76335, 54.6354],
            [8.76392, 54.63556],
            [8.76494, 54.63591],
            [8.76613, 54.63629],
            [8.76753, 54.63664],
            [8.76854, 54.63682],
            [8.76923, 54.63677],
            [8.76984, 54.6366],
            [8.77057, 54.63644],
            [8.77124, 54.63632],
            [8.77165, 54.63633],
            [8.77193, 54.6365],
            [8.77189, 54.63668],
            [8.7715, 54.63699]
          ],
          [
            [8.73629, 54.64394],
            [8.71748, 54.64087],
            [8.71, 54.63195],
            [8.72869, 54.62888],
            [8.73997, 54.63628],
            [8.73629, 54.64394]
          ],
          [
            [8.6568, 54.64367],
            [8.66347, 54.65588],
            [8.65187, 54.65764],
            [8.60267, 54.64194],
            [8.54047, 54.63641],
            [8.52887, 54.62731],
            [8.54757, 54.61776],
            [8.58465, 54.63412],
            [8.6568, 54.64367]
          ],
          [
            [8.69902, 54.68087],
            [8.68103, 54.67524],
            [8.70971, 54.67239],
            [8.71308, 54.68007],
            [8.69902, 54.68087]
          ],
          [
            [8.34243, 54.69355],
            [8.3579, 54.71147],
            [8.32064, 54.69184],
            [8.29641, 54.67377],
            [8.29479, 54.66462],
            [8.36554, 54.60927],
            [8.39715, 54.61408],
            [8.40345, 54.62239],
            [8.39666, 54.6179],
            [8.39043, 54.62427],
            [8.4013, 54.62738],
            [8.38479, 54.62856],
            [8.38331, 54.63962],
            [8.3611, 54.64979],
            [8.34243, 54.69355]
          ],
          [
            [8.56591, 54.75186],
            [8.53418, 54.75586],
            [8.42728, 54.74618],
            [8.40436, 54.73013],
            [8.39495, 54.70877],
            [8.40284, 54.70018],
            [8.45091, 54.69301],
            [8.47072, 54.68257],
            [8.56645, 54.67997],
            [8.57868, 54.69263],
            [8.58177, 54.7102],
            [8.597, 54.71909],
            [8.58434, 54.73023],
            [8.58633, 54.74355],
            [8.56591, 54.75186]
          ],
          [
            [8.36434, 54.86799],
            [8.36337, 54.86821],
            [8.36258, 54.86833],
            [8.36206, 54.86859],
            [8.36154, 54.86875],
            [8.36123, 54.86905],
            [8.36134, 54.86928],
            [8.3618, 54.86949],
            [8.36215, 54.8697],
            [8.3622, 54.86991],
            [8.36199, 54.87],
            [8.36106, 54.86994],
            [8.3607, 54.86979],
            [8.36035, 54.86964],
            [8.36013, 54.86929],
            [8.36005, 54.86894],
            [8.36019, 54.86846],
            [8.36042, 54.8681],
            [8.36104, 54.86769],
            [8.36206, 54.86729],
            [8.36318, 54.86718],
            [8.36456, 54.86719],
            [8.36556, 54.86743],
            [8.36627, 54.8678],
            [8.36659, 54.868],
            [8.36683, 54.86823],
            [8.36711, 54.86855],
            [8.36685, 54.86867],
            [8.36646, 54.86846],
            [8.36621, 54.86833],
            [8.3658, 54.86823],
            [8.36538, 54.86811],
            [8.3649, 54.86797],
            [8.36434, 54.86799]
          ],
          [
            [10.45446, 47.55574],
            [10.48886, 47.54035],
            [10.56941, 47.53358],
            [10.58029, 47.55556],
            [10.59795, 47.56972],
            [10.63541, 47.55899],
            [10.69119, 47.55844],
            [10.69483, 47.54464],
            [10.75758, 47.53473],
            [10.7638, 47.51974],
            [10.77757, 47.51394],
            [10.81246, 47.51987],
            [10.81312, 47.52642],
            [10.89021, 47.5372],
            [10.90092, 47.521],
            [10.91791, 47.51363],
            [10.87048, 47.49937],
            [10.87005, 47.48322],
            [10.93705, 47.48147],
            [10.92807, 47.47193],
            [10.9836, 47.43001],
            [10.98484, 47.42097],
            [10.96864, 47.41186],
            [10.97033, 47.40002],
            [11.11546, 47.39559],
            [11.1292, 47.4128],
            [11.20691, 47.4338],
            [11.25341, 47.42824],
            [11.225, 47.39527],
            [11.27289, 47.39785],
            [11.29003, 47.40738],
            [11.29106, 47.42717],
            [11.31745, 47.43236],
            [11.33812, 47.44972],
            [11.42145, 47.44471],
            [11.40937, 47.46674],
            [11.38381, 47.47221],
            [11.43711, 47.51585],
            [11.44955, 47.50714],
            [11.5056, 47.50473],
            [11.57245, 47.51451],
            [11.58798, 47.5254],
            [11.58716, 47.55517],
            [11.60555, 47.58081],
            [11.63391, 47.58083],
            [11.63714, 47.59426],
            [11.66025, 47.58378],
            [11.78104, 47.59119],
            [11.84387, 47.58121],
            [11.85491, 47.60234],
            [11.91367, 47.6138],
            [11.9762, 47.61296],
            [12.00855, 47.62515],
            [12.02228, 47.61114],
            [12.06424, 47.61874],
            [12.08235, 47.60973],
            [12.129, 47.60563],
            [12.17904, 47.61437],
            [12.17814, 47.60087],
            [12.20388, 47.60681],
            [12.20813, 47.61388],
            [12.19879, 47.64144],
            [12.16883, 47.68004],
            [12.1626, 47.70113],
            [12.20365, 47.7074],
            [12.25697, 47.74301],
            [12.26489, 47.73248],
            [12.24117, 47.6941],
            [12.25519, 47.67929],
            [12.33805, 47.69709],
            [12.33855, 47.69055],
            [12.3637, 47.6838],
            [12.44013, 47.69517],
            [12.44073, 47.67386],
            [12.49922, 47.62502],
            [12.53634, 47.63648],
            [12.57503, 47.63232],
            [12.60742, 47.67371],
            [12.64862, 47.67033],
            [12.66611, 47.68078],
            [12.69591, 47.68221],
            [12.73292, 47.67946],
            [12.75719, 47.66301],
            [12.78112, 47.67414],
            [12.77841, 47.66083],
            [12.75901, 47.6509],
            [12.82461, 47.6121],
            [12.79355, 47.60099],
            [12.79532, 47.59325],
            [12.77909, 47.57905],
            [12.80385, 47.54989],
            [12.84757, 47.54603],
            [12.85198, 47.53056],
            [12.8804, 47.52192],
            [12.90872, 47.49699],
            [12.96943, 47.47418],
            [12.97791, 47.48463],
            [12.9946, 47.4785],
            [13.00108, 47.46388],
            [13.02689, 47.48668],
            [13.0475, 47.49208],
            [13.04733, 47.52138],
            [13.03103, 47.53309],
            [13.0573, 47.56211],
            [13.04272, 47.57376],
            [13.04357, 47.58345],
            [13.07188, 47.58837],
            [13.06296, 47.60213],
            [13.09866, 47.63541],
            [13.07716, 47.66943],
            [13.08079, 47.68702],
            [13.04389, 47.71383],
            [13.0175, 47.72289],
            [12.97353, 47.70707],
            [12.92539, 47.71032],
            [12.90505, 47.72364],
            [12.91744, 47.74189],
            [12.9352, 47.74732],
            [12.93557, 47.7585],
            [12.94476, 47.7646],
            [12.94238, 47.77096],
            [12.92822, 47.77126],
            [12.96464, 47.80051],
            [13.00329, 47.85031],
            [12.94642, 47.92182],
            [12.93782, 47.94366],
            [12.92284, 47.93912],
            [12.91787, 47.95463],
            [12.8733, 47.96416],
            [12.85138, 48.01483],
            [12.75972, 48.07505],
            [12.74913, 48.10831],
            [12.75826, 48.12633],
            [12.78689, 48.12361],
            [12.79879, 48.14616],
            [12.8273, 48.15281],
            [12.84775, 48.16745],
            [12.86864, 48.20085],
            [12.95714, 48.20964],
            [13.02239, 48.25797],
            [13.08116, 48.27726],
            [13.12907, 48.27864],
            [13.17916, 48.29474],
            [13.25519, 48.29339],
            [13.33109, 48.32436],
            [13.41227, 48.37559],
            [13.43913, 48.43044],
            [13.42727, 48.45754],
            [13.45804, 48.51194],
            [13.4463, 48.52374],
            [13.45016, 48.53761],
            [13.43805, 48.55774],
            [13.4501, 48.56397],
            [13.46366, 48.55398],
            [13.47539, 48.55609],
            [13.47459, 48.56235],
            [13.50397, 48.57248],
            [13.50899, 48.5906],
            [13.56952, 48.56128],
            [13.59947, 48.56936],
            [13.62578, 48.55399],
            [13.65329, 48.54891],
            [13.66459, 48.53404],
            [13.72736, 48.51301],
            [13.73359, 48.52543],
            [13.74754, 48.52988],
            [13.74373, 48.54407],
            [13.75478, 48.5512],
            [13.74665, 48.55247],
            [13.75412, 48.56378],
            [13.77043, 48.55364],
            [13.80109, 48.5738],
            [13.80721, 48.58421],
            [13.80147, 48.5976],
            [13.82562, 48.61831],
            [13.82605, 48.63581],
            [13.81418, 48.64979],
            [13.81966, 48.67125],
            [13.81368, 48.69192],
            [13.83357, 48.69196],
            [13.83758, 48.70067],
            [13.81421, 48.701],
            [13.79492, 48.71493],
            [13.81881, 48.73152],
            [13.82125, 48.75448],
            [13.83951, 48.7716],
            [13.8039, 48.78113],
            [13.81532, 48.7969],
            [13.78799, 48.82518],
            [13.79309, 48.83022],
            [13.76475, 48.83425],
            [13.73793, 48.88585],
            [13.71682, 48.87816],
            [13.67624, 48.87872],
            [13.66958, 48.89027],
            [13.6552, 48.89347],
            [13.62234, 48.939],
            [13.62867, 48.94921],
            [13.60854, 48.94049],
            [13.59073, 48.95277],
            [13.58548, 48.96851],
            [13.54803, 48.96689],
            [13.52924, 48.9741],
            [13.50707, 48.96909],
            [13.50826, 48.94217],
            [13.49562, 48.94134],
            [13.4029, 48.98734],
            [13.40927, 49.00307],
            [13.40029, 49.01624],
            [13.40586, 49.02365],
            [13.39199, 49.04173],
            [13.39715, 49.05101],
            [13.37588, 49.0584],
            [13.34467, 49.08847],
            [13.28919, 49.11863],
            [13.23636, 49.1136],
            [13.18279, 49.13448],
            [13.17032, 49.14404],
            [13.17688, 49.16423],
            [13.17091, 49.17358],
            [13.10997, 49.20318],
            [13.11412, 49.21843],
            [13.08605, 49.22941],
            [13.08076, 49.24742],
            [13.06009, 49.2506],
            [13.05519, 49.26401],
            [13.0339, 49.2639],
            [13.02566, 49.27892],
            [13.02911, 49.30435],
            [13.00757, 49.306],
            [12.9726, 49.33389],
            [12.94296, 49.3442],
            [12.88024, 49.35052],
            [12.88692, 49.3323],
            [12.84333, 49.34522],
            [12.78629, 49.3454],
            [12.77881, 49.34808],
            [12.78138, 49.36032],
            [12.75809, 49.37519],
            [12.75763, 49.39476],
            [12.71471, 49.414],
            [12.70872, 49.42468],
            [12.65589, 49.43455],
            [12.65798, 49.45051],
            [12.64933, 49.46694],
            [12.63376, 49.4762],
            [12.64409, 49.48491],
            [12.64425, 49.52304],
            [12.63589, 49.53201],
            [12.6207, 49.52656],
            [12.5885, 49.53854],
            [12.59501, 49.54155],
            [12.57416, 49.55944],
            [12.57708, 49.5863],
            [12.56419, 49.59624],
            [12.56067, 49.61963],
            [12.52817, 49.61818],
            [12.5344, 49.62631],
            [12.52367, 49.62796],
            [12.52886, 49.63923],
            [12.51753, 49.6445],
            [12.52985, 49.66625],
            [12.52164, 49.68676],
            [12.49178, 49.68601],
            [12.44289, 49.7037],
            [12.40072, 49.75385],
            [12.40474, 49.7628],
            [12.47272, 49.78594],
            [12.46422, 49.81022],
            [12.47494, 49.8193],
            [12.47295, 49.83359],
            [12.48264, 49.84172],
            [12.49801, 49.83758],
            [12.49785, 49.85691],
            [12.51211, 49.85943],
            [12.52187, 49.88173],
            [12.54967, 49.90109],
            [12.54773, 49.92034],
            [12.47551, 49.93792],
            [12.47048, 49.94903],
            [12.49954, 49.97202],
            [12.48989, 49.98176],
            [12.47653, 49.98077],
            [12.46067, 49.99487],
            [12.43152, 49.98438],
            [12.42558, 49.9912],
            [12.43523, 49.99378],
            [12.43122, 50.00262],
            [12.4019, 50.00525],
            [12.40065, 50.015],
            [12.36753, 50.01744],
            [12.33888, 50.03961],
            [12.32541, 50.03302],
            [12.31733, 50.05338],
            [12.26091, 50.05843],
            [12.27535, 50.07647],
            [12.24695, 50.09744],
            [12.2318, 50.09416],
            [12.22877, 50.10231],
            [12.20142, 50.1085],
            [12.1952, 50.14304],
            [12.216, 50.16818],
            [12.2073, 50.16951],
            [12.20126, 50.18879],
            [12.18894, 50.19551],
            [12.19745, 50.19884],
            [12.18282, 50.19936],
            [12.17572, 50.21286],
            [12.1595, 50.21118],
            [12.16213, 50.22354],
            [12.14554, 50.23039],
            [12.15133, 50.23572],
            [12.12699, 50.23249],
            [12.09232, 50.24971],
            [12.10251, 50.25578],
            [12.09747, 50.26239],
            [12.13994, 50.27772],
            [12.12235, 50.29165],
            [12.12556, 50.30762],
            [12.1009, 50.31803],
            [12.18445, 50.32232],
            [12.18679, 50.31168],
            [12.20134, 50.30895],
            [12.19562, 50.29317],
            [12.20146, 50.27278],
            [12.2537, 50.27109],
            [12.26604, 50.25021],
            [12.24754, 50.25779],
            [12.23963, 50.24617],
            [12.29388, 50.22127],
            [12.28287, 50.21367],
            [12.28847, 50.20398],
            [12.27467, 50.19669],
            [12.29023, 50.18505],
            [12.2898, 50.17693],
            [12.33455, 50.17175],
            [12.32366, 50.18204],
            [12.33822, 50.19248],
            [12.32305, 50.20745],
            [12.32652, 50.21865],
            [12.33451, 50.21688],
            [12.33108, 50.24271],
            [12.34904, 50.2365],
            [12.3593, 50.24232],
            [12.35212, 50.26175],
            [12.37086, 50.28527],
            [12.40057, 50.29521],
            [12.39802, 50.32115],
            [12.4312, 50.32272],
            [12.4418, 50.34116],
            [12.46943, 50.35499],
            [12.48931, 50.34982],
            [12.48653, 50.37084],
            [12.51205, 50.39726],
            [12.60019, 50.40581],
            [12.61695, 50.41561],
            [12.64917, 50.41075],
            [12.67312, 50.41688],
            [12.70706, 50.39732],
            [12.70761, 50.40783],
            [12.73461, 50.4322],
            [12.79493, 50.44945],
            [12.81062, 50.43106],
            [12.80665, 50.44389],
            [12.81938, 50.4598],
            [12.94797, 50.40428],
            [12.9419, 50.41149],
            [12.98345, 50.41972],
            [13.01987, 50.44673],
            [13.02017, 50.47543],
            [13.03175, 50.50973],
            [13.08535, 50.50027],
            [13.13267, 50.51828],
            [13.13674, 50.50642],
            [13.19527, 50.50326],
            [13.19469, 50.51526],
            [13.22908, 50.54974],
            [13.22286, 50.5629],
            [13.24844, 50.59205],
            [13.27877, 50.59299],
            [13.29091, 50.57502],
            [13.32368, 50.58165],
            [13.3194, 50.60217],
            [13.32473, 50.60804],
            [13.3777, 50.62768],
            [13.37098, 50.65055],
            [13.39211, 50.64632],
            [13.41531, 50.61633],
            [13.46477, 50.60189],
            [13.49703, 50.63142],
            [13.52419, 50.63926],
            [13.52611, 50.64942],
            [13.51281, 50.65371],
            [13.54024, 50.66801],
            [13.54437, 50.67745],
            [13.52682, 50.70502],
            [13.55633, 50.71455],
            [13.60225, 50.71006],
            [13.66431, 50.73193],
            [13.70647, 50.71692],
            [13.71239, 50.71966],
            [13.70822, 50.72532],
            [13.72818, 50.73365],
            [13.7404, 50.72717],
            [13.75834, 50.73581],
            [13.80733, 50.73326],
            [13.82707, 50.72422],
            [13.85519, 50.72711],
            [13.86178, 50.74291],
            [13.88023, 50.73781],
            [13.89819, 50.74449],
            [13.90275, 50.75291],
            [13.88753, 50.77046],
            [13.90105, 50.79343],
            [13.93918, 50.78998],
            [13.95584, 50.80059],
            [13.95378, 50.80729],
            [13.99031, 50.82001],
            [14.03066, 50.80416],
            [14.07838, 50.81242],
            [14.08953, 50.82585],
            [14.22329, 50.85924],
            [14.23602, 50.87645],
            [14.23315, 50.88752],
            [14.2675, 50.8953],
            [14.30485, 50.88398],
            [14.34821, 50.89257],
            [14.34927, 50.90073],
            [14.38764, 50.89909],
            [14.38564, 50.91649],
            [14.40214, 50.92407],
            [14.39673, 50.93649],
            [14.31171, 50.95376],
            [14.31691, 50.96067],
            [14.30256, 50.96533],
            [14.32842, 50.97351],
            [14.32355, 50.98536],
            [14.28577, 50.977],
            [14.25865, 50.98754],
            [14.2688, 51.00004],
            [14.26064, 51.00883],
            [14.28022, 51.0141],
            [14.28631, 51.02696],
            [14.27379, 51.03977],
            [14.28839, 51.03912],
            [14.30186, 51.05505],
            [14.31692, 51.05542],
            [14.33663, 51.03902],
            [14.36199, 51.04543],
            [14.38257, 51.03857],
            [14.38476, 51.02696],
            [14.40844, 51.01877],
            [14.45382, 51.03589],
            [14.49266, 51.0234],
            [14.49122, 51.04353],
            [14.50821, 51.04315],
            [14.49856, 51.02206],
            [14.53215, 51.01653],
            [14.53989, 51.01038],
            [14.5347, 51.00371],
            [14.56453, 51.01014],
            [14.59918, 50.98711],
            [14.59607, 50.96281],
            [14.56066, 50.92537],
            [14.56481, 50.91835],
            [14.58321, 50.91426],
            [14.65022, 50.93153],
            [14.6529, 50.90549],
            [14.63623, 50.89745],
            [14.61887, 50.85771],
            [14.6902, 50.838],
            [14.70871, 50.84089],
            [14.72232, 50.82208],
            [14.74495, 50.82945],
            [14.76644, 50.81935],
            [14.79391, 50.82015],
            [14.82475, 50.86697],
            [14.82043, 50.88625],
            [14.89655, 50.94064],
            [14.89296, 50.94958],
            [14.90387, 50.96122],
            [14.90308, 50.97172],
            [14.91943, 50.97534],
            [14.9172, 50.9952],
            [14.92905, 50.99798],
            [14.93798, 51.01147],
            [14.93521, 51.02017],
            [14.94906, 51.0306],
            [14.94896, 51.04283],
            [14.9647, 51.05036],
            [14.96769, 51.071],
            [14.97928, 51.07708],
            [14.97633, 51.08701],
            [14.98401, 51.09075],
            [14.98091, 51.11605],
            [14.99777, 51.12242],
            [14.99043, 51.14215],
            [15.00071, 51.14948],
            [14.99321, 51.16246],
            [15.00504, 51.16771],
            [15.00474, 51.19088],
            [15.0143, 51.19609],
            [15.00765, 51.19983],
            [15.0098, 51.21345],
            [15.01688, 51.21493],
            [15.0162, 51.2276],
            [15.02833, 51.24156],
            [15.03762, 51.2442],
            [15.02339, 51.25071],
            [15.03817, 51.25848],
            [15.04179, 51.27404],
            [15.03437, 51.27744],
            [15.03348, 51.29393],
            [15.01201, 51.30131],
            [15.00925, 51.3163],
            [14.98615, 51.32929],
            [14.97622, 51.35694],
            [14.96524, 51.36108],
            [14.98374, 51.37355],
            [14.9693, 51.37908],
            [14.95828, 51.39534],
            [14.96893, 51.39773],
            [14.95872, 51.40975],
            [14.96707, 51.41732],
            [14.95863, 51.43125],
            [14.97007, 51.43217],
            [14.97422, 51.44167],
            [14.94909, 51.47126],
            [14.92611, 51.47348],
            [14.91578, 51.48377],
            [14.85164, 51.48956],
            [14.79597, 51.51787],
            [14.76527, 51.519],
            [14.72912, 51.53144],
            [14.72935, 51.54974],
            [14.71124, 51.56266],
            [14.76491, 51.60704],
            [14.75331, 51.62801],
            [14.75098, 51.65226],
            [14.75755, 51.6615],
            [14.73701, 51.67943],
            [14.73684, 51.68823],
            [14.66812, 51.72583],
            [14.65621, 51.74131],
            [14.66414, 51.7567],
            [14.65046, 51.76208],
            [14.65382, 51.78357],
            [14.64589, 51.79509],
            [14.60671, 51.80404],
            [14.59014, 51.82101],
            [14.59016, 51.83815],
            [14.6052, 51.84041],
            [14.60414, 51.84789],
            [14.61188, 51.84505],
            [14.611, 51.85701],
            [14.64336, 51.86687],
            [14.66312, 51.89051],
            [14.69426, 51.90198],
            [14.70337, 51.93085],
            [14.72123, 51.95116],
            [14.70471, 51.97662],
            [14.72139, 51.99382],
            [14.71405, 52.00369],
            [14.74826, 52.03183],
            [14.74524, 52.05385],
            [14.75904, 52.06476],
            [14.74128, 52.08523],
            [14.70035, 52.09812],
            [14.6816, 52.11665],
            [14.67958, 52.14493],
            [14.70542, 52.16963],
            [14.68518, 52.19408],
            [14.70839, 52.21175],
            [14.71575, 52.23588],
            [14.69215, 52.25595],
            [14.59648, 52.27293],
            [14.57604, 52.28837],
            [14.58492, 52.30646],
            [14.5762, 52.32148],
            [14.56103, 52.32861],
            [14.55212, 52.37405],
            [14.53436, 52.39501],
            [14.54953, 52.43362],
            [14.57924, 52.44175],
            [14.63454, 52.49234],
            [14.63168, 52.50181],
            [14.61273, 52.51039],
            [14.60392, 52.53134],
            [14.61571, 52.55421],
            [14.63911, 52.573],
            [14.61371, 52.58661],
            [14.59616, 52.61066],
            [14.4651, 52.66133],
            [14.45775, 52.67393],
            [14.43302, 52.68147],
            [14.42399, 52.69617],
            [14.35104, 52.75151],
            [14.27881, 52.77445],
            [14.21749, 52.81687],
            [14.14326, 52.82385],
            [14.12293, 52.83766],
            [14.12985, 52.85272],
            [14.15771, 52.87475],
            [14.1616, 52.88809],
            [14.14265, 52.93325],
            [14.14366, 52.96137],
            [14.25896, 53.00298],
            [14.34857, 53.05472],
            [14.36671, 53.08061],
            [14.38774, 53.14303],
            [14.36625, 53.17199],
            [14.37727, 53.20175],
            [14.40522, 53.21023],
            [14.4085, 53.2232],
            [14.45057, 53.26225],
            [14.4453, 53.27445],
            [14.42122, 53.27614],
            [14.40677, 53.30871],
            [14.4155, 53.3243],
            [14.40548, 53.34709],
            [14.39032, 53.35371],
            [14.39479, 53.37572],
            [14.37328, 53.40895],
            [14.37128, 53.45644],
            [14.35803, 53.45731],
            [14.35065, 53.49601],
            [14.32688, 53.50381],
            [14.30256, 53.5534],
            [14.31396, 53.56523],
            [14.31695, 53.61807],
            [14.28385, 53.63444],
            [14.28464, 53.6588],
            [14.27078, 53.66658],
            [14.28368, 53.6825],
            [14.26681, 53.6987],
            [14.27353, 53.74435],
            [14.26695, 53.75349],
            [14.2836, 53.7723],
            [14.27042, 53.78995],
            [14.17852, 53.8068],
            [13.98686, 53.81221],
            [13.8896, 53.82719],
            [13.85134, 53.84506],
            [13.82246, 53.8477],
            [13.81863, 53.85922],
            [13.82665, 53.86562],
            [13.82615, 53.87763],
            [13.84722, 53.87795],
            [13.86475, 53.90046],
            [13.90329, 53.911],
            [13.91411, 53.92186],
            [13.88131, 53.9498],
            [13.85263, 53.95276],
            [13.85385, 53.96463],
            [13.83382, 53.98443],
            [13.79554, 53.99581],
            [13.76041, 54.0154],
            [13.75787, 54.02797],
            [13.7436, 54.02872],
            [13.78265, 54.04754],
            [13.77381, 54.0598],
            [13.79017, 54.06441],
            [13.79337, 54.08552],
            [13.80875, 54.10045],
            [13.74731, 54.1346],
            [13.74907, 54.13978],
            [13.73397, 54.13595],
            [13.69739, 54.14892],
            [13.69562, 54.15794],
            [13.7183, 54.16323],
            [13.71182, 54.16876],
            [13.69668, 54.17194],
            [13.65295, 54.1537],
            [13.64401, 54.15698],
            [13.64573, 54.15082],
            [13.62348, 54.13966],
            [13.49255, 54.12521],
            [13.47631, 54.11761],
            [13.50165, 54.08589],
            [13.46851, 54.0871],
            [13.43919, 54.11227],
            [13.43997, 54.12302],
            [13.42805, 54.13778],
            [13.40674, 54.14704],
            [13.41928, 54.17284],
            [13.3944, 54.18121],
            [13.3998, 54.16964],
            [13.379, 54.17711],
            [13.31639, 54.16013],
            [13.34066, 54.17383],
            [13.33666, 54.177],
            [13.36838, 54.18414],
            [13.32661, 54.18382],
            [13.29123, 54.23403],
            [13.21567, 54.24121],
            [13.2105, 54.24495],
            [13.21622, 54.24982],
            [13.18534, 54.26634],
            [13.16718, 54.26623],
            [13.14324, 54.25339],
            [13.15768, 54.26632],
            [13.17789, 54.27077],
            [13.1666, 54.27894],
            [13.14767, 54.26793],
            [13.13067, 54.2825],
            [13.13894, 54.31929],
            [13.1855, 54.30002],
            [13.15411, 54.30464],
            [13.1397, 54.29636],
            [13.14167, 54.28092],
            [13.18107, 54.28744],
            [13.19298, 54.29709],
            [13.20302, 54.29027],
            [13.19619, 54.28448],
            [13.19954, 54.26992],
            [13.21535, 54.27137],
            [13.2178, 54.27931],
            [13.21711, 54.27302],
            [13.26644, 54.25402],
            [13.32152, 54.25808],
            [13.30969, 54.2657],
            [13.33671, 54.27856],
            [13.32278, 54.26618],
            [13.32168, 54.24566],
            [13.29085, 54.25128],
            [13.39334, 54.22093],
            [13.42472, 54.23855],
            [13.41737, 54.25582],
            [13.40155, 54.26571],
            [13.37879, 54.25333],
            [13.36448, 54.2641],
            [13.35902, 54.25749],
            [13.36937, 54.25418],
            [13.35796, 54.24668],
            [13.35082, 54.26984],
            [13.39076, 54.27945],
            [13.38672, 54.26656],
            [13.4196, 54.30279],
            [13.46191, 54.31641],
            [13.46694, 54.32642],
            [13.45253, 54.32607],
            [13.45463, 54.33609],
            [13.46438, 54.32913],
            [13.50707, 54.34421],
            [13.55076, 54.33969],
            [13.57752, 54.35306],
            [13.60046, 54.34655],
            [13.61417, 54.3302],
            [13.62886, 54.33133],
            [13.62319, 54.33454],
            [13.65038, 54.34905],
            [13.68215, 54.34989],
            [13.67405, 54.33733],
            [13.6098, 54.3166],
            [13.67223, 54.33031],
            [13.70362, 54.3263],
            [13.70031, 54.31676],
            [13.6454, 54.29756],
            [13.6617, 54.28752],
            [13.70222, 54.29563],
            [13.70947, 54.27991],
            [13.69081, 54.28744],
            [13.68704, 54.27994],
            [13.70766, 54.26874],
            [13.7239, 54.27341],
            [13.71541, 54.29409],
            [13.7193, 54.31151],
            [13.74006, 54.33548],
            [13.76691, 54.34183],
            [13.72118, 54.35914],
            [13.70328, 54.38569],
            [13.67294, 54.4012],
            [13.61337, 54.40337],
            [13.58744, 54.42602],
            [13.57053, 54.45765],
            [13.578, 54.47961],
            [13.59759, 54.47636],
            [13.59716, 54.4881],
            [13.60941, 54.49886],
            [13.6375, 54.50607],
            [13.67768, 54.53028],
            [13.67989, 54.56228],
            [13.66116, 54.57579],
            [13.63486, 54.58547],
            [13.46039, 54.57063],
            [13.42521, 54.57777],
            [13.39331, 54.59862],
            [13.37719, 54.63485],
            [13.38759, 54.6495],
            [13.43215, 54.66362],
            [13.43894, 54.67753],
            [13.4291, 54.68488],
            [13.28762, 54.6738],
            [13.25061, 54.66046],
            [13.21988, 54.64078],
            [13.22574, 54.61231],
            [13.21481, 54.59555],
            [13.16725, 54.57373],
            [13.16094, 54.55908],
            [13.23794, 54.59419],
            [13.2271, 54.62515],
            [13.28297, 54.64559],
            [13.2875, 54.62531],
            [13.25708, 54.59008],
            [13.24545, 54.55783],
            [13.3324, 54.58194],
            [13.32758, 54.59341],
            [13.36807, 54.6147],
            [13.3841, 54.59603],
            [13.38534, 54.58073],
            [13.42479, 54.56888],
            [13.44613, 54.5516],
            [13.4904, 54.55082],
            [13.48494, 54.55871],
            [13.51113, 54.56611],
            [13.51027, 54.55782],
            [13.49125, 54.55883],
            [13.51419, 54.52687],
            [13.50795, 54.52524],
            [13.51361, 54.52509],
            [13.50804, 54.5243],
            [13.51413, 54.51029],
            [13.50007, 54.49256],
            [13.50331, 54.47933],
            [13.5481, 54.47491],
            [13.54687, 54.45678],
            [13.52399, 54.44804],
            [13.55204, 54.44673],
            [13.55716, 54.43854],
            [13.52006, 54.43391],
            [13.54217, 54.42768],
            [13.53378, 54.4163],
            [13.47625, 54.42458],
            [13.48347, 54.44287],
            [13.49852, 54.44619],
            [13.48273, 54.4356],
            [13.50391, 54.43441],
            [13.51403, 54.44319],
            [13.50008, 54.44449],
            [13.50617, 54.45164],
            [13.4708, 54.45404],
            [13.48382, 54.47371],
            [13.5008, 54.48229],
            [13.44838, 54.47438],
            [13.44167, 54.48734],
            [13.41258, 54.49377],
            [13.4061, 54.50569],
            [13.41458, 54.51987],
            [13.38039, 54.54623],
            [13.37618, 54.55984],
            [13.35436, 54.54737],
            [13.38796, 54.53998],
            [13.38767, 54.53126],
            [13.37399, 54.52036],
            [13.34571, 54.52049],
            [13.36144, 54.54338],
            [13.33609, 54.5485],
            [13.35398, 54.55142],
            [13.36897, 54.57892],
            [13.35093, 54.58004],
            [13.29723, 54.55243],
            [13.30749, 54.5395],
            [13.30309, 54.5279],
            [13.31212, 54.52442],
            [13.3049, 54.51412],
            [13.28794, 54.52211],
            [13.29527, 54.53682],
            [13.28942, 54.54164],
            [13.24371, 54.55557],
            [13.14418, 54.54697],
            [13.1392, 54.54051],
            [13.15828, 54.53769],
            [13.16214, 54.51419],
            [13.17069, 54.50783],
            [13.20049, 54.50375],
            [13.23138, 54.5109],
            [13.22859, 54.48544],
            [13.27011, 54.47989],
            [13.23105, 54.46789],
            [13.25326, 54.46427],
            [13.20604, 54.46028],
            [13.19999, 54.44803],
            [13.19268, 54.45532],
            [13.17059, 54.45373],
            [13.14942, 54.42813],
            [13.1583, 54.42065],
            [13.21186, 54.42994],
            [13.22052, 54.41378],
            [13.23753, 54.40984],
            [13.2324, 54.40377],
            [13.25484, 54.40571],
            [13.23024, 54.39737],
            [13.23809, 54.38633],
            [13.26034, 54.38045],
            [13.22044, 54.36773],
            [13.19695, 54.37591],
            [13.12993, 54.37209],
            [13.11369, 54.33478],
            [13.135, 54.32412],
            [13.1291, 54.32114],
            [13.11502, 54.323],
            [13.10471, 54.34745],
            [13.07984, 54.35295],
            [13.09384, 54.36578],
            [13.08258, 54.37943],
            [13.04846, 54.38013],
            [13.02567, 54.39651],
            [13.02022, 54.41236],
            [13.03427, 54.43169],
            [13.01578, 54.43939],
            [12.89772, 54.40167],
            [12.87809, 54.365],
            [12.80966, 54.3436],
            [12.80401, 54.3704],
            [12.785, 54.37947],
            [12.78649, 54.39644],
            [12.7748, 54.38881],
            [12.7689, 54.37161],
            [12.75585, 54.37056],
            [12.74406, 54.38406],
            [12.74098, 54.37289],
            [12.71954, 54.37311],
            [12.71511, 54.3987],
            [12.70009, 54.39848],
            [12.68259, 54.37441],
            [12.68841, 54.36813],
            [12.67633, 54.37092],
            [12.69348, 54.38608],
            [12.68511, 54.39653],
            [12.71432, 54.405],
            [12.70749, 54.41188],
            [12.66853, 54.40813],
            [12.65822, 54.40349],
            [12.67137, 54.39095],
            [12.62221, 54.37221],
            [12.59685, 54.37181],
            [12.59457, 54.35812],
            [12.5748, 54.35821],
            [12.5817, 54.37338],
            [12.56651, 54.37158],
            [12.55376, 54.37959],
            [12.55468, 54.37251],
            [12.53433, 54.36518],
            [12.55329, 54.35614],
            [12.5389, 54.35249],
            [12.5357, 54.33843],
            [12.47309, 54.32961],
            [12.47873, 54.30393],
            [12.42937, 54.29356],
            [12.42704, 54.374],
            [12.43614, 54.37909],
            [12.49564, 54.38239],
            [12.51772, 54.3727],
            [12.5525, 54.39012],
            [12.59229, 54.38364],
            [12.59782, 54.39157],
            [12.57748, 54.39637],
            [12.57789, 54.40433],
            [12.61751, 54.40725],
            [12.61065, 54.41091],
            [12.61719, 54.41795],
            [12.63808, 54.42551],
            [12.65315, 54.41051],
            [12.66636, 54.40865],
            [12.66932, 54.42144],
            [12.69316, 54.43225],
            [12.72103, 54.43237],
            [12.74047, 54.41511],
            [12.78603, 54.41737],
            [12.80185, 54.4087],
            [12.83186, 54.42306],
            [12.87495, 54.41371],
            [12.92695, 54.42796],
            [12.91539, 54.43883],
            [12.92099, 54.44509],
            [12.67658, 54.44218],
            [12.56092, 54.45473],
            [12.52607, 54.4712],
            [12.53012, 54.48208],
            [12.51839, 54.4846],
            [12.52772, 54.48612],
            [12.51436, 54.48435],
            [12.49251, 54.46458],
            [12.4584, 54.41132],
            [12.40593, 54.37694],
            [12.34087, 54.30055],
            [12.19289, 54.24099],
            [12.12747, 54.18606],
            [12.10687, 54.17834],
            [12.09369, 54.18542],
            [12.10099, 54.16929],
            [12.08685, 54.18594],
            [12.06146, 54.17805],
            [12.01136, 54.17834],
            [11.84977, 54.145],
            [11.76139, 54.1545],
            [11.68294, 54.15327],
            [11.60838, 54.10703],
            [11.55252, 54.09269],
            [11.5251, 54.07093],
            [11.53528, 54.07276],
            [11.53176, 54.04918],
            [11.60481, 54.10283],
            [11.62624, 54.09016],
            [11.62447, 54.07678],
            [11.58261, 54.06369],
            [11.58709, 54.04699],
            [11.5688, 54.03095],
            [11.5438, 54.02477],
            [11.5291, 54.03385],
            [11.51853, 54.03029],
            [11.53448, 54.02048],
            [11.5089, 54.01138],
            [11.49051, 53.99379],
            [11.49982, 53.98595],
            [11.49393, 53.97084],
            [11.4728, 53.97083],
            [11.47172, 53.96322],
            [11.4833, 53.96745],
            [11.48199, 53.92829],
            [11.44466, 53.9149],
            [11.4473, 53.90491],
            [11.4635, 53.9024],
            [11.45297, 53.89482],
            [11.43452, 53.90107],
            [11.43689, 53.91106],
            [11.40361, 53.92149],
            [11.40684, 53.9352],
            [11.36504, 53.93514],
            [11.33446, 53.95897],
            [11.28872, 53.93157],
            [11.25391, 53.93715],
            [11.24148, 53.95415],
            [11.24589, 53.97316],
            [11.25434, 53.97264],
            [11.25972, 53.98354],
            [11.2072, 53.98838],
            [11.17998, 54.01517],
            [11.04224, 54.00664],
            [10.89869, 53.95666],
            [10.88277, 53.95879],
            [10.88422, 53.97942],
            [10.8706, 53.99075],
            [10.79955, 53.99256],
            [10.77749, 54.00468],
            [10.75617, 54.03058],
            [10.75087, 54.0405],
            [10.75617, 54.05544],
            [10.79125, 54.07538],
            [10.80278, 54.0911],
            [10.87752, 54.08802],
            [10.9551, 54.14108],
            [11.09341, 54.19867],
            [11.07192, 54.34225],
            [11.12561, 54.37361],
            [11.13087, 54.38744],
            [11.11856, 54.39442],
            [11.10971, 54.38916],
            [11.10693, 54.39733],
            [11.07337, 54.3766],
            [11.02374, 54.36771],
            [11.02207, 54.38045],
            [10.93121, 54.38194],
            [10.87176, 54.35827],
            [10.7895, 54.31213],
            [10.70697, 54.30504],
            [10.68463, 54.31032],
            [10.6388, 54.34784],
            [10.59961, 54.36373],
            [10.4737, 54.39247],
            [10.38798, 54.42645],
            [10.32195, 54.43575],
            [10.30211, 54.43315],
            [10.27988, 54.41817],
            [10.22606, 54.41391],
            [10.19366, 54.37925],
            [10.19595, 54.36602],
            [10.17822, 54.36114],
            [10.17416, 54.34575],
            [10.15208, 54.36333],
            [10.19226, 54.39021],
            [10.18877, 54.41108],
            [10.16885, 54.43413],
            [10.19938, 54.45556],
            [10.13403, 54.48434],
            [9.92426, 54.46229],
            [9.90191, 54.45093],
            [9.8661, 54.44812],
            [9.85537, 54.45628],
            [9.87571, 54.47585],
            [9.98487, 54.51248],
            [10.02733, 54.55312],
            [10.03125, 54.64723],
            [10.04321, 54.65956],
            [10.0335, 54.66347],
            [10.03602, 54.68842],
            [9.98899, 54.71832],
            [9.97691, 54.75684],
            [9.95723, 54.77986],
            [9.90951, 54.79992],
            [9.8997, 54.77279],
            [9.90537, 54.76334],
            [9.89449, 54.77114],
            [9.87202, 54.75892],
            [9.87456, 54.75235],
            [9.84558, 54.75604],
            [9.74672, 54.82413],
            [9.60463, 54.85459],
            [9.62802, 54.87975],
            [9.59191, 54.88697],
            [9.46304, 54.83164],
            [9.42872, 54.82711],
            [9.41113, 54.8423],
            [9.38268, 54.8392],
            [9.37385, 54.82113],
            [9.34313, 54.80707],
            [9.34361, 54.80025],
            [9.25008, 54.80972],
            [9.23576, 54.8311],
            [9.24483, 54.84386],
            [9.24014, 54.84998],
            [9.14333, 54.87302],
            [9.04824, 54.87188],
            [8.94794, 54.90256],
            [8.89204, 54.90491],
            [8.85945, 54.89664],
            [8.82402, 54.90683],
            [8.79896, 54.90458],
            [8.77691, 54.89267],
            [8.728, 54.89271],
            [8.68035, 54.91049],
            [8.638, 54.91125],
            [8.63514, 54.89415],
            [8.61029, 54.88839],
            [8.42584, 54.87766],
            [8.38064, 54.89202],
            [8.3663, 54.9039],
            [8.36167, 54.95782],
            [8.35282, 54.96786],
            [8.3799, 54.99678],
            [8.44003, 55.01587],
            [8.4273, 55.03089],
            [8.4367, 55.03941],
            [8.42628, 55.03281],
            [8.40054, 55.03481],
            [8.39624, 55.04615],
            [8.4642, 55.04571],
            [8.40996, 55.05769],
            [8.38311, 55.03732],
            [8.2979, 54.91066],
            [8.28784, 54.87673],
            [8.27856, 54.75221],
            [8.29883, 54.74082],
            [8.29375, 54.75757],
            [8.30176, 54.77304],
            [8.29205, 54.78599],
            [8.29984, 54.80345],
            [8.29342, 54.82693],
            [8.29925, 54.84941],
            [8.30814, 54.85912],
            [8.33283, 54.86326],
            [8.34056, 54.88057],
            [8.34552, 54.87426],
            [8.36426, 54.87591],
            [8.37792, 54.8586],
            [8.41438, 54.84724],
            [8.51018, 54.8814],
            [8.61095, 54.88076],
            [8.60776, 54.84105],
            [8.64423, 54.81908],
            [8.65915, 54.79541],
            [8.68471, 54.79281],
            [8.70167, 54.77369],
            [8.69739, 54.76036],
            [8.71545, 54.73772],
            [8.68621, 54.73034],
            [8.74109, 54.71637],
            [8.75283, 54.68125],
            [8.83195, 54.65259],
            [8.84653, 54.62546],
            [8.88582, 54.60894],
            [8.89297, 54.59678],
            [8.86861, 54.56181],
            [8.87789, 54.54546],
            [8.87145, 54.52829],
            [8.80644, 54.49834],
            [8.81925, 54.48652],
            [8.80702, 54.47016],
            [8.84177, 54.46062],
            [8.8934, 54.46058],
            [8.91599, 54.47057],
            [8.93113, 54.49178],
            [8.94815, 54.50006],
            [8.94545, 54.51243],
            [8.9846, 54.52407],
            [9.01561, 54.48431],
            [9.00338, 54.47924],
            [9.01896, 54.47475],
            [9.00499, 54.47374],
            [9.00113, 54.46307],
            [8.9573, 54.45309],
            [8.94759, 54.4389],
            [8.91144, 54.41774],
            [8.87124, 54.40481],
            [8.80969, 54.40946],
            [8.66069, 54.39516],
            [8.64937, 54.37919],
            [8.69104, 54.37308],
            [8.69213, 54.35619],
            [8.6522, 54.34842],
            [8.644, 54.33793],
            [8.60252, 54.34058],
            [8.60257, 54.31422],
            [8.67436, 54.27876],
            [8.68911, 54.27862],
            [8.70647, 54.29315],
            [8.73838, 54.29378],
            [8.76869, 54.28857],
            [8.77227, 54.28159],
            [8.82204, 54.29131],
            [8.83951, 54.28173],
            [8.84389, 54.25662],
            [8.83117, 54.23672],
            [8.83998, 54.23288],
            [8.83373, 54.21446],
            [8.80969, 54.19101],
            [8.80887, 54.17104],
            [8.83585, 54.13411],
            [8.85473, 54.12827],
            [8.85787, 54.11919],
            [8.89297, 54.13324],
            [8.92677, 54.13157],
            [8.94782, 54.09115],
            [8.97661, 54.07123],
            [8.95866, 54.06339],
            [8.98549, 54.06013],
            [8.97743, 54.04123],
            [8.95858, 54.034],
            [8.88144, 54.04605],
            [8.80483, 54.02442],
            [8.83259, 54.02393],
            [8.8561, 53.9947],
            [8.87804, 53.98363],
            [8.87772, 53.97322],
            [8.9149, 53.9249],
            [8.97026, 53.8922],
            [9.01993, 53.88994],
            [9.02242, 53.87952],
            [9.23059, 53.87777],
            [9.27273, 53.86766],
            [9.27512, 53.85727],
            [9.19372, 53.86581],
            [9.10177, 53.86348],
            [9.01491, 53.84108],
            [9.01851, 53.83484],
            [8.97851, 53.83996],
            [8.90616, 53.82879],
            [8.82326, 53.83112],
            [8.78461, 53.83466],
            [8.72885, 53.8567],
            [8.70225, 53.87871],
            [8.68667, 53.88057],
            [8.68646, 53.89209],
            [8.61491, 53.88212],
            [8.57462, 53.84342],
            [8.56606, 53.84596],
            [8.54197, 53.80714],
            [8.53774, 53.79214],
            [8.54472, 53.78887],
            [8.48319, 53.69407],
            [8.48395, 53.65591],
            [8.52041, 53.6062],
            [8.4832, 53.6005],
            [8.50357, 53.57238],
            [8.55638, 53.53492],
            [8.55614, 53.52606],
            [8.55015, 53.53802],
            [8.5157, 53.55066],
            [8.5182, 53.55814],
            [8.50408, 53.55069],
            [8.46256, 53.55279],
            [8.38447, 53.57391],
            [8.33389, 53.61293],
            [8.28301, 53.61002],
            [8.24297, 53.5824],
            [8.22692, 53.52008],
            [8.30941, 53.52282],
            [8.31689, 53.5146],
            [8.31582, 53.46167],
            [8.28047, 53.41337],
            [8.24957, 53.39836],
            [8.20286, 53.4034],
            [8.15221, 53.44798],
            [8.13615, 53.45267],
            [8.099, 53.44568],
            [8.07131, 53.46743],
            [8.06226, 53.48253],
            [8.06234, 53.50567],
            [8.09263, 53.50192],
            [8.15433, 53.51355],
            [8.17097, 53.54047],
            [8.14236, 53.57967],
            [8.1556, 53.58575],
            [8.14886, 53.60183],
            [8.12335, 53.59861],
            [8.08667, 53.64364],
            [8.04469, 53.64141],
            [8.02206, 53.68291],
            [8.03213, 53.70528],
            [8.00873, 53.71213],
            [7.91192, 53.71783],
            [7.75, 53.7004],
            [7.70384, 53.70352],
            [7.52711, 53.6715],
            [7.47945, 53.68328],
            [7.35803, 53.68682],
            [7.29633, 53.6801],
            [7.24306, 53.66854],
            [7.17018, 53.62887],
            [7.15622, 53.63017],
            [7.14517, 53.611],
            [7.09034, 53.57965],
            [7.08725, 53.57109],
            [7.13155, 53.53991],
            [7.13, 53.53236],
            [7.08595, 53.52143],
            [7.07676, 53.53274],
            [7.06462, 53.52767],
            [7.03415, 53.54567],
            [7.03677, 53.53631],
            [7.02901, 53.53198],
            [7.04869, 53.50807],
            [7.02411, 53.48237],
            [7.01032, 53.42408],
            [7.01106, 53.3853],
            [6.99796, 53.37137],
            [7.01292, 53.34467],
            [7.02871, 53.33634],
            [7.22565, 53.33377],
            [7.26576, 53.3272],
            [7.24506, 53.3183],
            [7.19112, 53.3176],
            [7.21693, 53.21446],
            [7.21736, 53.19771],
            [7.20796, 53.18848],
            [7.2271, 53.18049],
            [7.20374, 53.1765],
            [7.17894, 53.13814],
            [7.18287, 53.12171],
            [7.20279, 53.11328],
            [7.19925, 53.08102],
            [7.21728, 53.00698],
            [7.18157, 52.9413],
            [7.08732, 52.84993],
            [7.09269, 52.8382],
            [7.07204, 52.81087],
            [7.05558, 52.64337],
            [7.04187, 52.63268],
            [6.9758, 52.64626],
            [6.91965, 52.63984],
            [6.91395, 52.64667],
            [6.87311, 52.65312],
            [6.75264, 52.64813],
            [6.71009, 52.62732],
            [6.72714, 52.61505],
            [6.71871, 52.58868],
            [6.76662, 52.56151],
            [6.72618, 52.56321],
            [6.71608, 52.54857],
            [6.68087, 52.55334],
            [6.70537, 52.52026],
            [6.69772, 52.48635],
            [6.7531, 52.4638],
            [6.85431, 52.4596],
            [6.85261, 52.44994],
            [6.94168, 52.43549],
            [6.96238, 52.44405],
            [6.97756, 52.46548],
            [6.9918, 52.46745],
            [7.01089, 52.42907],
            [7.03583, 52.40253],
            [7.0588, 52.39933],
            [7.07219, 52.37341],
            [7.07217, 52.35227],
            [7.02631, 52.28744],
            [7.04244, 52.2561],
            [7.06587, 52.24126],
            [7.03897, 52.22765],
            [6.98511, 52.22529],
            [6.95132, 52.18101],
            [6.9068, 52.17518],
            [6.88045, 52.156],
            [6.87335, 52.1302],
            [6.85539, 52.12043],
            [6.76063, 52.11872],
            [6.75507, 52.0949],
            [6.74452, 52.09308],
            [6.74788, 52.08201],
            [6.69465, 52.0698],
            [6.68773, 52.0399],
            [6.75264, 52.02865],
            [6.83042, 51.98621],
            [6.82851, 51.96407],
            [6.79864, 51.95882],
            [6.78889, 51.92965],
            [6.73261, 51.89871],
            [6.72166, 51.89617],
            [6.68423, 51.91762],
            [6.5604, 51.8821],
            [6.54446, 51.88467],
            [6.47258, 51.85381],
            [6.45107, 51.86531],
            [6.43241, 51.85939],
            [6.39082, 51.87393],
            [6.38806, 51.86195],
            [6.40919, 51.85233],
            [6.40242, 51.84457],
            [6.40778, 51.82809],
            [6.40175, 51.82729],
            [6.36294, 51.83623],
            [6.36017, 51.8458],
            [6.34681, 51.85065],
            [6.30656, 51.84922],
            [6.29894, 51.8679],
            [6.27952, 51.87408],
            [6.21544, 51.8678],
            [6.18524, 51.8815],
            [6.1819, 51.8859],
            [6.19112, 51.89164],
            [6.16956, 51.90134],
            [6.11805, 51.90167],
            [6.10334, 51.89262],
            [6.13738, 51.88559],
            [6.14451, 51.86986],
            [6.16682, 51.86097],
            [6.16641, 51.84083],
            [6.09934, 51.84949],
            [6.06338, 51.86544],
            [6.05181, 51.85663],
            [6.05527, 51.8523],
            [6.03501, 51.84287],
            [5.99368, 51.83083],
            [5.96289, 51.83679],
            [5.94503, 51.82366],
            [5.95781, 51.81716],
            [5.94813, 51.81129],
            [5.97817, 51.79723],
            [5.97458, 51.78505],
            [5.99053, 51.78319],
            [5.98232, 51.77367],
            [5.99053, 51.76624],
            [5.95202, 51.7491],
            [5.95512, 51.73807],
            [5.99246, 51.73858],
            [6.02908, 51.72568],
            [6.04499, 51.71698],
            [6.0264, 51.70928],
            [6.03072, 51.67711],
            [6.11824, 51.65609],
            [6.09398, 51.62213],
            [6.09124, 51.60591],
            [6.15702, 51.56668],
            [6.17702, 51.53867],
            [6.21208, 51.51338],
            [6.22317, 51.46893],
            [6.20522, 51.39952],
            [6.22638, 51.39966],
            [6.21442, 51.38963],
            [6.22613, 51.36052],
            [6.18984, 51.33935],
            [6.19307, 51.33473],
            [6.16862, 51.33295],
            [6.12448, 51.27458],
            [6.07266, 51.24259],
            [6.08578, 51.22261],
            [6.06797, 51.22051],
            [6.07334, 51.18297],
            [6.08231, 51.17164],
            [6.10009, 51.16997],
            [6.16502, 51.19436],
            [6.1807, 51.18643],
            [6.13881, 51.17333],
            [6.17542, 51.15848],
            [6.16341, 51.14884],
            [6.09187, 51.13497],
            [6.08706, 51.12463],
            [6.06031, 51.11593],
            [6.03747, 51.09703],
            [5.99779, 51.08426],
            [5.96985, 51.06061],
            [5.96897, 51.04665],
            [5.95789, 51.03471],
            [5.93811, 51.03514],
            [5.91317, 51.06673],
            [5.8671, 51.04668],
            [5.87803, 51.03754],
            [5.87915, 51.01755],
            [5.90552, 51.00216],
            [5.90381, 50.9875],
            [5.89267, 50.98035],
            [5.8972, 50.97485],
            [5.95516, 50.98841],
            [5.9682, 50.97947],
            [6.02644, 50.98327],
            [6.00526, 50.95684],
            [6.0168, 50.95251],
            [6.01816, 50.93444],
            [6.05087, 50.93],
            [6.05666, 50.92177],
            [6.09392, 50.92133],
            [6.07531, 50.8934],
            [6.08819, 50.87243],
            [6.07398, 50.84678],
            [6.05484, 50.85735],
            [6.01888, 50.84627],
            [6.02505, 50.81416],
            [6.00348, 50.80131],
            [5.98403, 50.81009],
            [5.97486, 50.79797],
            [6.0278, 50.77373],
            [6.01832, 50.76317],
            [6.02139, 50.75311],
            [6.04048, 50.74551],
            [6.03315, 50.73098],
            [6.03903, 50.71838],
            [6.04456, 50.72836],
            [6.11529, 50.72211],
            [6.16528, 50.66279],
            [6.19554, 50.66293],
            [6.18397, 50.64711],
            [6.18766, 50.64111],
            [6.21973, 50.64121],
            [6.23151, 50.64998],
            [6.2669, 50.64153],
            [6.27398, 50.62821],
            [6.24775, 50.60371],
            [6.23676, 50.56625],
            [6.22579, 50.55446],
            [6.21195, 50.55377],
            [6.197, 50.53103],
            [6.22663, 50.49437],
            [6.26994, 50.50451],
            [6.35126, 50.48827],
            [6.33749, 50.47475],
            [6.34023, 50.46259],
            [6.37182, 50.45558],
            [6.37762, 50.43939],
            [6.36671, 50.41916],
            [6.36988, 50.40893],
            [6.34222, 50.38001],
            [6.40787, 50.33513],
            [6.40503, 50.32331],
            [6.35896, 50.3135],
            [6.36332, 50.30543],
            [6.33489, 50.31642],
            [6.33332, 50.32316],
            [6.30647, 50.32014],
            [6.30923, 50.3117],
            [6.29612, 50.30901],
            [6.29809, 50.30215],
            [6.28586, 50.29407],
            [6.29209, 50.27883],
            [6.27794, 50.26643],
            [6.21577, 50.25701],
            [6.19752, 50.2381],
            [6.17569, 50.23542],
            [6.17708, 50.22682],
            [6.16641, 50.22004],
            [6.18891, 50.20528],
            [6.18389, 50.19207],
            [6.19275, 50.18187],
            [6.16532, 50.17906],
            [6.16034, 50.17182],
            [6.14689, 50.17778],
            [6.14758, 50.17046],
            [6.13979, 50.16927],
            [6.14752, 50.16063],
            [6.13211, 50.15355],
            [6.15287, 50.15009],
            [6.15466, 50.1419],
            [6.1296, 50.12158],
            [6.13551, 50.10338],
            [6.12553, 50.09973],
            [6.13298, 50.09324],
            [6.12049, 50.09221],
            [6.11614, 50.07433],
            [6.12929, 50.07355],
            [6.11256, 50.05923],
            [6.12394, 50.05975],
            [6.12151, 50.05288],
            [6.13433, 50.04012],
            [6.12967, 50.02998],
            [6.14588, 50.02273],
            [6.12977, 50.0188],
            [6.14964, 50.00888],
            [6.13802, 49.99822],
            [6.17237, 49.9848],
            [6.16493, 49.97055],
            [6.17779, 49.95403],
            [6.18786, 49.95596],
            [6.18177, 49.96383],
            [6.19099, 49.96876],
            [6.19756, 49.94841],
            [6.2052, 49.95519],
            [6.22391, 49.94994],
            [6.2166, 49.94443],
            [6.22617, 49.92939],
            [6.21797, 49.92354],
            [6.23175, 49.91852],
            [6.22702, 49.91076],
            [6.23364, 49.90038],
            [6.29654, 49.86648],
            [6.311, 49.86994],
            [6.32264, 49.83803],
            [6.36417, 49.85077],
            [6.39743, 49.82231],
            [6.42914, 49.81086],
            [6.4545, 49.81154],
            [6.47085, 49.82256],
            [6.51138, 49.80179],
            [6.51951, 49.81289],
            [6.52931, 49.80939],
            [6.50603, 49.79013],
            [6.51682, 49.78325],
            [6.50976, 49.77416],
            [6.51862, 49.76245],
            [6.5005, 49.75214],
            [6.5022, 49.73261],
            [6.51716, 49.7236],
            [6.49598, 49.72596],
            [6.50702, 49.71264],
            [6.42996, 49.66886],
            [6.4266, 49.66124],
            [6.4408, 49.65592],
            [6.42143, 49.62005],
            [6.37493, 49.59189],
            [6.38096, 49.57718],
            [6.35785, 49.57382],
            [6.38233, 49.55693],
            [6.35699, 49.53129],
            [6.36752, 49.50273],
            [6.36708, 49.46951],
            [6.39341, 49.46405],
            [6.42913, 49.47624],
            [6.55082, 49.42538],
            [6.55739, 49.41953],
            [6.53868, 49.4122],
            [6.54082, 49.40125],
            [6.58665, 49.38515],
            [6.58315, 49.36842],
            [6.60216, 49.36711],
            [6.58842, 49.34988],
            [6.57406, 49.35866],
            [6.56362, 49.35591],
            [6.56566, 49.34765],
            [6.57839, 49.33496],
            [6.59116, 49.33624],
            [6.5956, 49.33006],
            [6.58912, 49.32206],
            [6.61511, 49.30135],
            [6.6388, 49.29568],
            [6.65337, 49.28124],
            [6.67017, 49.28025],
            [6.66142, 49.25808],
            [6.69, 49.24956],
            [6.68532, 49.24096],
            [6.69582, 49.21527],
            [6.72347, 49.21883],
            [6.73144, 49.20596],
            [6.71121, 49.18834],
            [6.7386, 49.16368],
            [6.78272, 49.16816],
            [6.83406, 49.15108],
            [6.84752, 49.15716],
            [6.8444, 49.17306],
            [6.86177, 49.17884],
            [6.83799, 49.21349],
            [6.85887, 49.22276],
            [6.89335, 49.20915],
            [6.91871, 49.22272],
            [6.93811, 49.22243],
            [6.9596, 49.20309],
            [6.97523, 49.20945],
            [7.01075, 49.18795],
            [7.03501, 49.19142],
            [7.02773, 49.17013],
            [7.05245, 49.11276],
            [7.0894, 49.13018],
            [7.08218, 49.15206],
            [7.10107, 49.156],
            [7.11324, 49.15196],
            [7.10406, 49.13839],
            [7.12578, 49.1419],
            [7.1356, 49.1284],
            [7.15672, 49.12102],
            [7.18547, 49.13124],
            [7.19804, 49.11517],
            [7.20548, 49.12361],
            [7.24505, 49.13011],
            [7.28159, 49.12437],
            [7.28236, 49.11691],
            [7.29318, 49.11491],
            [7.32136, 49.14139],
            [7.36273, 49.14315],
            [7.36514, 49.17184],
            [7.44565, 49.18415],
            [7.43588, 49.17966],
            [7.44171, 49.17203],
            [7.43446, 49.16477],
            [7.49398, 49.16936],
            [7.49605, 49.15507],
            [7.50598, 49.15052],
            [7.48957, 49.13647],
            [7.51551, 49.12096],
            [7.52868, 49.09709],
            [7.56362, 49.08023],
            [7.60097, 49.08323],
            [7.62931, 49.07355],
            [7.6312, 49.05489],
            [7.67472, 49.04497],
            [7.69762, 49.0497],
            [7.69595, 49.0578],
            [7.73143, 49.05553],
            [7.73227, 49.04396],
            [7.76109, 49.04552],
            [7.7944, 49.06569],
            [7.86683, 49.03292],
            [7.88913, 49.04904],
            [7.91698, 49.04088],
            [7.93565, 49.05766],
            [7.96653, 49.04154],
            [7.97479, 49.0268],
            [7.99633, 49.02905],
            [8.04898, 49.01429],
            [8.08768, 48.98982],
            [8.1399, 48.97845],
            [8.19439, 48.97713],
            [8.19948, 48.9669],
            [8.2226, 48.97593],
            [8.23263, 48.96657],
            [8.19639, 48.9565],
            [8.14655, 48.90229],
            [8.12147, 48.86496],
            [8.10383, 48.82012],
            [8.08704, 48.80203],
            [8.06471, 48.78973],
            [8.03028, 48.78737],
            [8.01433, 48.76102],
            [7.97201, 48.75812],
            [7.9633, 48.72153],
            [7.88998, 48.6626],
            [7.83974, 48.64128],
            [7.80029, 48.58404],
            [7.80394, 48.51122],
            [7.7682, 48.48966],
            [7.76504, 48.45661],
            [7.73315, 48.3972],
            [7.74464, 48.32781],
            [7.69357, 48.30172],
            [7.6657, 48.22048],
            [7.64412, 48.20727],
            [7.6006, 48.15772],
            [7.59878, 48.13558],
            [7.57759, 48.12066],
            [7.56853, 48.03518],
            [7.61019, 47.99869],
            [7.62195, 47.97281],
            [7.58247, 47.92986],
            [7.57978, 47.89489],
            [7.55631, 47.87753],
            [7.56292, 47.84269],
            [7.52985, 47.78126],
            [7.5476, 47.72982],
            [7.51187, 47.69604],
            [7.52108, 47.66385],
            [7.56736, 47.63174],
            [7.5743, 47.61583],
            [7.59145, 47.60417],
            [7.58919, 47.58973],
            [7.60493, 47.58483],
            [7.60448, 47.57779],
            [7.61927, 47.57688],
            [7.64578, 47.59695],
            [7.67502, 47.59204],
            [7.6936, 47.60053],
            [7.67174, 47.58736],
            [7.68952, 47.57148],
            [7.68594, 47.56563],
            [7.68341, 47.57126],
            [7.67626, 47.56355],
            [7.6341, 47.56111],
            [7.66762, 47.53622],
            [7.69443, 47.53246],
            [7.78886, 47.55485],
            [7.81058, 47.56886],
            [7.82309, 47.58801],
            [7.84167, 47.58216],
            [7.89135, 47.58764],
            [7.91086, 47.57096],
            [7.91146, 47.5513],
            [7.94321, 47.54382],
            [7.95908, 47.55826],
            [8.02177, 47.55051],
            [8.06833, 47.56458],
            [8.08966, 47.55776],
            [8.10948, 47.58226],
            [8.16491, 47.59414],
            [8.20405, 47.62089],
            [8.21927, 47.61782],
            [8.22665, 47.60507],
            [8.25624, 47.61516],
            [8.28772, 47.61064],
            [8.29748, 47.60567],
            [8.29792, 47.58907],
            [8.32377, 47.57295],
            [8.38297, 47.56581],
            [8.39736, 47.5772],
            [8.43369, 47.56665],
            [8.49455, 47.5812],
            [8.48872, 47.5878],
            [8.46694, 47.5842],
            [8.4566, 47.60235],
            [8.47911, 47.61515],
            [8.50825, 47.61751],
            [8.51775, 47.63431],
            [8.558, 47.62431],
            [8.57445, 47.61188],
            [8.56279, 47.59961],
            [8.58254, 47.5961],
            [8.6048, 47.61326],
            [8.59574, 47.64313],
            [8.6077, 47.65245],
            [8.61389, 47.64406],
            [8.60298, 47.63925],
            [8.61559, 47.6377],
            [8.6288, 47.64965],
            [8.60662, 47.67212],
            [8.57776, 47.66157],
            [8.55432, 47.66939],
            [8.53995, 47.66509],
            [8.54136, 47.65711],
            [8.53335, 47.66319],
            [8.52701, 47.6604],
            [8.53153, 47.64579],
            [8.49238, 47.64209],
            [8.47374, 47.64982],
            [8.47349, 47.63831],
            [8.46614, 47.64276],
            [8.46543, 47.65713],
            [8.44506, 47.65378],
            [8.40556, 47.67452],
            [8.42064, 47.68386],
            [8.40443, 47.69806],
            [8.41683, 47.71001],
            [8.45499, 47.72226],
            [8.44983, 47.73863],
            [8.47371, 47.76451],
            [8.51022, 47.77616],
            [8.52013, 47.77049],
            [8.55265, 47.78463],
            [8.56253, 47.77785],
            [8.5773, 47.78171],
            [8.575, 47.78962],
            [8.56192, 47.79275],
            [8.56785, 47.80848],
            [8.57519, 47.79972],
            [8.61858, 47.79833],
            [8.61491, 47.78377],
            [8.62768, 47.75926],
            [8.65297, 47.77343],
            [8.64552, 47.79019],
            [8.65698, 47.80035],
            [8.6575, 47.79179],
            [8.68089, 47.78667],
            [8.68944, 47.75786],
            [8.72715, 47.76228],
            [8.74142, 47.7482],
            [8.72341, 47.74553],
            [8.71126, 47.73007],
            [8.73629, 47.71615],
            [8.72798, 47.69268],
            [8.78964, 47.67524],
            [8.79595, 47.6753],
            [8.80008, 47.69173],
            [8.81008, 47.69332],
            [8.79207, 47.70491],
            [8.76935, 47.70688],
            [8.76991, 47.71845],
            [8.79912, 47.72713],
            [8.79656, 47.73457],
            [8.80644, 47.73826],
            [8.81195, 47.73035],
            [8.80485, 47.7245],
            [8.82617, 47.71791],
            [8.81883, 47.71286],
            [8.87272, 47.70416],
            [8.87442, 47.69437],
            [8.85154, 47.69752],
            [8.85758, 47.6923],
            [8.85047, 47.68187],
            [8.87347, 47.67022],
            [8.87535, 47.65621],
            [8.9379, 47.6591],
            [9.00567, 47.69482],
            [8.994, 47.70644],
            [8.93983, 47.72806],
            [8.96069, 47.73717],
            [9.01493, 47.71997],
            [8.98634, 47.73659],
            [8.98986, 47.74347],
            [9.09956, 47.70207],
            [9.10789, 47.69097],
            [9.08783, 47.68805],
            [9.04072, 47.70834],
            [9.04333, 47.69337],
            [9.08114, 47.6833],
            [9.11313, 47.68502],
            [9.12783, 47.6666],
            [9.15771, 47.66601],
            [9.17579, 47.65394],
            [9.18168, 47.65573],
            [9.17843, 47.66699],
            [9.21784, 47.66638],
            [9.2076, 47.6871],
            [9.17961, 47.70515],
            [9.17332, 47.73441],
            [9.0697, 47.77764],
            [9.03099, 47.8047],
            [9.03954, 47.81748],
            [9.06214, 47.81473],
            [9.13931, 47.76902],
            [9.21983, 47.74299],
            [9.23927, 47.71008],
            [9.31148, 47.67383],
            [9.34972, 47.66084],
            [9.40628, 47.66825],
            [9.46299, 47.64842],
            [9.49528, 47.65013],
            [9.51522, 47.63476],
            [9.52956, 47.60346],
            [9.55034, 47.58768],
            [9.59677, 47.58792],
            [9.60949, 47.57152],
            [9.62801, 47.57091],
            [9.65155, 47.55738],
            [9.67951, 47.5568],
            [9.68078, 47.54226],
            [9.71222, 47.55078],
            [9.73599, 47.53435],
            [9.74804, 47.57051],
            [9.76547, 47.58886],
            [9.80051, 47.59598],
            [9.8272, 47.57998],
            [9.82077, 47.5707],
            [9.82589, 47.5598],
            [9.81568, 47.54761],
            [9.87398, 47.52872],
            [9.88098, 47.54806],
            [9.90667, 47.54217],
            [9.92155, 47.52967],
            [9.94109, 47.53823],
            [9.96368, 47.53472],
            [9.9589, 47.54299],
            [9.9709, 47.54568],
            [9.9652, 47.52116],
            [9.9957, 47.50293],
            [9.98765, 47.49856],
            [9.99535, 47.48632],
            [10.04468, 47.48761],
            [10.05357, 47.46658],
            [10.07035, 47.456],
            [10.09147, 47.45908],
            [10.09389, 47.44034],
            [10.10542, 47.42874],
            [10.0957, 47.41782],
            [10.06916, 47.40985],
            [10.08626, 47.39931],
            [10.09978, 47.35474],
            [10.11927, 47.3757],
            [10.14167, 47.36716],
            [10.16586, 47.36879],
            [10.16919, 47.38579],
            [10.18171, 47.39228],
            [10.21264, 47.38041],
            [10.22698, 47.38885],
            [10.2362, 47.38186],
            [10.23701, 47.37346],
            [10.19948, 47.3266],
            [10.21588, 47.31096],
            [10.19909, 47.29753],
            [10.17873, 47.29573],
            [10.17204, 47.27904],
            [10.17398, 47.27027],
            [10.20125, 47.27687],
            [10.2323, 47.27048],
            [10.26597, 47.2879],
            [10.28148, 47.28755],
            [10.29581, 47.29993],
            [10.33003, 47.30471],
            [10.34878, 47.3174],
            [10.35683, 47.33698],
            [10.38629, 47.35622],
            [10.39486, 47.37573],
            [10.4196, 47.38463],
            [10.43647, 47.38065],
            [10.4291, 47.39101],
            [10.43617, 47.41098],
            [10.47593, 47.43215],
            [10.46572, 47.45353],
            [10.46802, 47.47692],
            [10.44277, 47.48462],
            [10.43132, 47.50368],
            [10.45446, 47.55574]
          ],
          [
            [10.45446, 47.55574],
            [10.48178, 47.58453],
            [10.43294, 47.58148],
            [10.43538, 47.56769],
            [10.45446, 47.55574]
          ]
        ]
      }
    }
  ]
}
